word,etymology
स्वर्,['शास्त्रेषु स्वर्यत इति स्वः । शास्त्रगम्यः ।  पुण्यलोकः']
स्वर्ग,['सुखं गम्यते इति स्वर्गः । सुखलोकः ।']
स्वर्ग,['सुष्ठु अर्ज्यते इति स्वर्गः ।']
स्वर्ग,['सुष्ठु ऋज्यते स्थीयते अस्मिन्निति स्वर्गः । सुख स्थानम् ।']
स्वर्ग,['स्वः इति गीयते इति स्वर्गः ।']
नाक,['कं सुखं तन्न भवती इत्यकं  तन्नास्ति अत्रेति नाकः ।  सुखस्थानम्']
नाक,['कः ब्रह्मा तदभावः नात्र इति नाकः  ब्रह्मस्थानम्  ।']
त्रिदिव,['तृतीया दिवो लोकः त्रिदिवः । तृतीयलोकः ।']
त्रिदिव,['हरिहरब्रह्माख्याः त्रयः दीव्यन्ति अत्र इति ।  त्रिमूर्तिस्थानम्']
त्रिदशालय,['त्रिदशानालयः त्रिदशास्थानम् ।']
सुरलोक,['सुराणां लोकः सुरलोकः । देवलोकः ।']
द्यो,['दीव्यन्ति अस्यामिति द्यौः । क्रीडालोकः ।']
द्यो,['द्योतन्ते अस्यां द्यौः ।']
द्यो,['None']
दिव्,['दीव्यन्ति अस्यां इति द्योः । क्रीडास्थानम् ।']
दिव्,['None']
त्रिविष्टप,['तृतीय च तत् विष्टपं च त्रिविष्टपम् । विशन्ति अस्मिन् सुकृतिनः इति विष्टपम् ।']
त्रिविष्टप,['तृतीयं विष्टपं भुवनं तृतीयलोकः ।']
अमर,['न म्रियते इत्यमरः । अमरः ।']
अमर,['नास्तिमरः यस्य स अमरः ।']
निर्जर,['जरायाः निष्क्रान्तः ।']
निर्जर,['न विद्यते जरा यस्य सः निर्जरः']
देव,['दीव्यन्तीति देवः । देवः']
त्रिदश,['तिस्रः दशाः जन्मस्थितिविनाशाख्या यस्यः ।']
त्रिदश,['तिस्रः दशाः बाल्यकौमारयौवनानियस्य सः । तदतिरिक्तवयोवस्था नास्ति इत्यर्थः ।']
त्रिदश,['तृतीया दशा यौवनाख्या सदा यस्य त्रिदशः ।']
त्रिदश,['त्रिदशपरिमाणं वयः यस्य त्रिदशः ।']
त्रिदश,['सदा पञ्चविंशति वार्षिकाः इत्यर्थः ।']
विबुध,['विशिष्टः बुधः यस्य । पण्\u200dडितः ।']
विबुध,['विशेषेण बुध्यते इति विबुधः ।']
सुर,['भक्त्या दत्तं हविरादिकं सुष्टु राति गुडणाति इति सुरः ।']
सुर,['शुभं राति बृवीति इति सुरः ।']
सुर,['समुद्रमथनोभ्दवा सुरा यस्य अस्तीति सः ।']
सुर,['सुरतीति सुरः । ऐश्वर्यशालीः ।']
सुर,['सुष्टु राजते इति सुरः ।']
सुर,['सुष्टु वाञ्छितं फलं राति ददाति इति वा सुरः ।']
सुपर्वन्,['सुष्ठु पर्व उत्सवः यस्य सः ।']
सुपर्वन्,['सुष्ठु पर्व चरितम् यस्य सः ।']
सुपर्वन्,['सुष्ठु पर्वाणि अङ्गुलयादिग्रन्थय यस्य सः ।']
सुपर्वन्,['सुष्ठु पूरयन्ति कामान् पालयन्तीति वा ।']
सुमनस्,['शोभनं मनः यस्य सः सुमनाः ।']
सुमनस्,['सुष्ठु मनुते इति सुमनाः ।']
त्रिदिवेश,['त्रिदिवस्य ईशः ।']
दिवौकस्,['दिवं ओकः यस्य दिवौकाः ।']
आदितेय,['अदितेः पुत्रः']
दिविषद्,['दिवि सीदति वर्तते इति दिविषद् ।']
लेख,['ग्रीवा हस्त पादे प्रशस्ता लेखा यस्य सः ।']
लेख,['प्राणिनां शुभाशुभानि लिखति इति']
लेख,['लिख्यते ध्यानार्थ पटादौ इति लेखः ।']
अदितिनन्दन,['अदितेः नन्दनाः अदितिनन्दनाः ।']
आदित्य,['अदितेः अपत्यानि आदित्याः । देवः ।']
आदित्य,['अदितेः अपत्यं आदित्यः गणदेवः ते द्वादश   इन्द्र  धाता  पर्जन्य  त्वष्टा  पूषा']
आदित्य,['अर्यमन्  भगन्  विवस्वन्त  विष्णु  अंशुमन्त  वरुण  मित्र ।']
आदित्य,['अदितेरपत्यं पुमान् आदित्यः ।']
ऋभु,['आ अदितिः ऋशब्दस्य प्रथमैकवचने आ इति रूपं तस्यां भवन्तीति वा ऋभवः । देवः ।']
ऋभु,['ऋ शब्दो नीतिवाची । तस्मात भवतीति ऋभु ।']
ऋभु,['ऋ स्वर्गे भवतीति ऋभु ।']
ऋभु,['ऋतेन सत्येन भवन्तीति ऋभु ।']
अस्वप्न,['नास्ति स्वप्नो निद्रा यस्य स अस्वपनः । देवः ।']
अमर्त्य,['न म्रियते इति अमर्त्यः । देवः ।']
अमर्त्य,['मर्त्यादन्यो अमर्त्यः ।']
अमर्त्य,['म्रियते अत्रेति मर्तो भूलोकः । तद्भिन्नः अमर्त्यः ।']
अमृतान्धस्,['अमृतं अन्धोन्नम् यस्य सः अमृताब्धस्  देवः  अन्ध धातोः ।']
क्रतुभुज्,['क्रतौ भुंजन्त इति क्रतुभुजः । देवः ।']
गीर्वाण,['गिरं वणति व्याकरोतीति गीर्वाणः । गीः वाणो यस्य इति वा । गिरं वनतीति वा ।']
गीर्वाण,['गीरेव निग्रहानुग्रह समर्था बाणो।़स्त्रं यस्य सः गीर्वाणः ।']
गीर्वाण,['गीरेव शापलक्षणो बाणो वाणो यस्य सः गीर्वाणः । देवः ।']
दानवारि,['दानवानां अरिः दानवारिः । देवः ।']
वृन्दारक,['शोभनं बृन्दं यस्य स वृन्धारकः । देवः ।']
दैवत,['देवा एव देवताः । देवः ।']
देवता,['देव एव देवता । देवता']
विश्व,['विशन्ति कर्मास्विति विश्वे ।']
विश्व,['विश्वे  श्राद्धाग्रे विशन्तीति विश्वेदेवाः । गणदेवताः । ते दश ।']
वसु,['आहत्य वसंतीति वसुः । गणदेवता ते अष्ट आप  धुव  सोम   अष्टवक. अनिल']
वसु,['प्रत्यूष  अनल  प्रभास ।']
तुषित,['तुष्यतीति तुषितः । गणदेवताः । ते षट्\u200cविंशत् ।']
अनिल,['अन्यते प्राण्यते लोकाः अनेन इति अनिलः ।']
अनिल,['इलायां न चरतीति अनिलः । गणदेवताः ते एकेनपञ्चशत् ।']
अनिल,['अनन्ति अनेनेत अनिलः । बाह्यवायु । अनित्ययेन अनिलः ।']
महाराजिक,['महती राजिः पङ्क्तिः यस्य सः महाराजिकः । गणदेवताः ।']
महाराजिक,['महाराज देवता अस्ति यस्य सः महाराजिक  पाठान्तरम्  गणदेवताः । ते']
साध्य,['धर्म  नारायण प्रभृतयः ।']
साध्य,['साध्यं सिद्धिः यस्य अस्तीति साध्यः गणदेवः । ते द्वादश   मनु हनुमन्त  विष्णु']
साध्य,['साध्यन्ते आराध्यन्त इति साध्याः ।']
रुद्र,['अहिर्बुध्न  त्वष्ट ।']
रुद्र,['रुजं दुःखं द्रावयतीति रुद्रः ।']
रुद्र,['रुतं वेदात्मकं शब्दं कल्पादौ रुसतीति रुद्रः । ते एकादश   अज  एकपाद']
रुद्र,['रोदयन्ति दुष्टान् इति रुद्राः ।']
रुद्र,['प्राप्तजन्मपरिसहोसौ रुरोदेति पुराण प्रसिद्धेः । रुं रोदनं द्रावयतीति वा ।']
रुद्र,['रोदयति शत्रूनिति रुद्रः । स्वयं रुरोदेति वा रुद्रः ।  एकदा ब्रह्मानुरोदेन']
विद्याधर,['धारतीति धरः  विद्यायाः धरः विद्याधरः ।']
विद्याधर,['मालिकाञ्जनादि विद्याः धरतीति विद्याधराः ।']
अप्सरस्,['अद्भयः सरतीति अप्सरस् । ऊर्वशी प्रभृतयः अप्सरस्त्रियः । देवयोनिः ।']
अप्सरस्,['अद्भयः सरसः निर्गता इति अप्सरस् । देवयोनिः ।']
अप्सरस्,['अद्भ्यः सरन्तीति अप्सरसः । अपसारयन्ति स्खालयन्ति धैर्यात् सर्वानिति अप्सरसः ।']
अप्सरस्,['आप्यन्ते प्राप्यन्ते पुण्यकृद्भिरिति वा अप्सरसः ।']
यक्ष,['यक्ष्यते पूज्यते इति यक्षः । देवयोनिः ।']
यक्ष,['यक्ष्यते पूज्यते इति यक्षः । कुबेरः । यक्षजातित्वात् वा यक्षः ।']
रक्षस्,['अन्येभ्यो इति रक्षस् ।']
रक्षस्,['यज्ञेभ्यो रक्ष्यत इति रक्षस् । देवयोनिः । विभाषणादयः राक्षसाः । रक्षति']
रक्षस्,['जगदिति रक्षः । रक्षान्ते अस्मात् इति रक्षस् ।']
रक्षस्,['ऱक्षत्यात्मानमेवेति रक्षः । रक्ष्यतेनेनविदिगितिरक्षः । रक्ष्यते अस्मात्']
गन्धर्व,['गन्धं सौरभं अर्वति इति गन्धर्वः । देवयोनिः । गानं धारयतीति गन्धर्वः ।']
गन्धर्व,['ते हाहाहूहू प्रभृतयः ।']
किन्नर,['किंचित् नरः किन्नरः । ते अश्वमुखादयः । अश्वमुखात् कुत्सिताः नरः किन्नरः ।']
किन्नर,['किञ्चिन्नरः किन्नरः । कुत्सितो नरोवा किन्नरः ।']
पिशाच,['पिशितं अश्नाति इति पिशाचः । देवयोनिः ।']
गुह्यक,['निधिं गूहतीति गुह्यकः ।']
सिद्ध,['अणिमादि सिद्धिः अस्यास्तीति सिद्धः देवयोनिः । विश्वावसु प्रभृतयः सिध्यतीति']
सिद्ध,['सिद्धिः ।']
भूत,['इष्टम् प्राप्नोति इति भूतः । देवयोनिः ।']
भूत,['भवतीति भूतः ।']
भूत,['भूतिः अस्यास्ति इति भूतः । ते बालग्रहादयः ।']
असुर,['असुना रात्रौ सृष्टा वा ।']
असुर,['असून् अस्यतीति वा असुरः ।']
असुर,['असून् प्राणान् राति ग्रहणातीति वा असुरः ।']
असुर,['अस्यति क्षिपति देवान् असुरः ।']
असुर,['न विद्यते सुरा यस्य सः असुरः ।']
असुर,['यक्षभागान् निरस्यतीति असुरः ।']
असुर,['सुरेभ्यः अन्यो वा असुरः ।']
दैत्य,['दितेरपत्यं दैत्यः । असुरः ।']
दैतेय,['दितेरपत्यं दैतेयः । असुरः ।']
दनुज,['दनोदनौ वा जातः दनुजः ।']
दनुज,['दनोर्जाता दनुजाः । असुरः ।']
इन्द्रारि,['इन्द्रस्य अरिः इन्द्रारिः । असुरः ।']
दानव,['दनोरपत्यं दानवः ।']
दानव,['दनोर्जातः दानवः । असुरः ।']
शुक्रशिष्य,['शुक्रस्य शिष्यः शुक्रशिष्यः । असुरः ।']
दितिसुत,['दितेः सुतः दितिसुतः । असुरः ।']
पूर्वदेव,['अनीतिवशात् देवत्वाद्\u200cभ्रष्टाः इति ।']
पूर्वदेव,['पूर्वं देवपदे स्थितः इति पूर्वदेवपदः । असुरः ।']
पूर्वदेव,['पूर्वश्चासौ देवः इति पूर्वदेवः ।']
पूर्वदेव,['पूर्वान् इन्द्रान् दीव्यति विजिगीषत इति पूर्वदेवः ।']
सुरद्विष्,['सुरान्\u200c द्विषन्तीति सुरद्विषः । असुरः ।']
सर्वज्ञ,['सर्वं जानाति इति सर्वज्ञः । बुद्धः ।']
सर्वज्ञ,['सर्वं जानातीति सर्वज्ञः । शिवः ।']
सुगत,['सु शोभनं गतं ज्ञानं अस्य सुगतः । बुद्धः ।']
सुगत,['सुष्टु अपुनरावृत्या मोक्षं गतः सुगतः ।']
बुद्ध,['प्रशस्ता बुद्धिः यस्य सः बुद्धः ।']
बुद्ध,['सर्वं क्षणिकं बुध्यत इति बुद्धः ।']
धर्मराज,['धर्मस्य संसारोद्धरणादेः राजा धर्मराजः ।']
धर्मराज,['धर्मस्य सत्याहिंसादेः राजा धर्मराजः । बुद्धः ।']
धर्मराज,['धर्मेण राजते इति धर्मराजः ।']
धर्मराज,['यथापराधदण्डदानेन धर्मस्य राजा धर्मराजः । यमः ।']
तथागत,['अस्य तथागतः । बुद्धः ।']
तथागत,['यथा पुनरावृत्तिः न भवति तथा मोक्षंगतः । तथा सम्यग्गतं ज्ञानं अस्येति वा तथागतः ।']
तथागत,['यथा मुनयो मोक्षं गताः तथा मोक्षं गत इति वा तथागतः । तथा सत्यं गतं ज्ञानं']
समन्तभद्र,['ज्ञानसंभाराच्च भद्रः श्रेष्ठः समन्तभद्रः ।']
समन्तभद्र,['समन्तं संपूर्णं मङ्गळमस्येति वा समन्तभद्रः । बुद्धः ।']
समन्तभद्र,['समन्ततः पुण्यसंभारात् बुद्धः']
भगवत्,['ज्ञानवैराग्ययोश्चैव षण्णां भग इति स्मृतः ।']
भगवत्,['भगो अस्य अस्तीति भगवान् । बुद्धः ।']
भगवत्,['माहात्म्यस्य समग्रस्य धैर्यस्य यशसश्रियः']
मारजित्,['तान् माशन् जयतीति वा मारजित् ।']
मारजित्,['बौद्धास्तु स्कंधमारः क्लेशमारो मृत्युमारो देवपुत्रमारश्चेति चतुरॊ मारानाहुः']
मारजित्,['मारं मन्मथं जयतीति मारजित् । बुद्धः ।']
मारजित्,['मारान् कामक्रोधादीन्\u200c जयतीति वा मारजित् ।']
लोकजित्,['लोकं तपसा जयतीति लोकजित् । बुद्धः ।']
जिन,['जयति भवं जिनः । बुद्धः ।']
षडभिज्ञ,[' अप्रत्यक्षविषयज्ञानं वियद्गमनागमनव्यूहादिलक्षणानि यस्य सः षडभिज्ञः । बुद्धः ।']
षडभिज्ञ,['दिव्यदृष्टि दिव्यश्रोत्रं पूर्वनिवासानुस्मृति परचित्तज्ञानं']
षडभिज्ञ,['षट् अभिज्ञाः यस्य सः षडभिज्ञः ।']
षडभिज्ञ,['षट्\u200cसु दान शील क्षान्ति वीर्य ध्यान प्रज्ञासु अभिज्ञा आद्यं ज्ञानमस्य इति वा ।']
दशबल,['उपायः प्राणीधिः ज्ञानं दश बुद्धबलानि वै इति ।']
दशबल,['दशबलानि बुद्ध्यादीनि यस्य सः दशबलः । बुद्धः']
दशबल,['दानं  शीलं  क्षमा  वीर्यं  ध्यानं प्रज्ञाबलाने च ।']
अद्वयवादिन्,['अद्वयं अद्वैतं वदति अवश्यं इति अद्वयवादी ।']
अद्वयवादिन्,['अद्वियं जीवात्मपरमात्मनोः अभेदं वदतीति अद्वयवादी । बुद्धः ।']
विनायक,['सर्वान्\u200c विनयति हितमनुशास्ति इति विनायकः । बुद्धः ।']
विनायक,['विगतो नायकः प्रभुर्यस्य विनायकः ।']
विनायक,['विनयति शिक्षयति दुष्टान्\u200c विघ्नांश्चेति विनायकः']
विनायक,['विनयतीति विनायकः ।']
विनायक,['विशिष्टो नायक इति ।']
मुनीन्द,['मुनिषु इन्द्रः मुनीन्द्रः ।']
मुनीन्द,['मुनीनां इंद्रः श्रेष्ठः मुनीन्द्रः । बुद्धः ।']
श्रीघन,['श्रिया योगविभूत्या घनः पूर्णः श्रीघनः । बुद्धः ।']
शास्तृ,['दुष्टान्\u200c शास्ति शिक्षयतीति शास्ता । बुद्धः ।']
मुनि,['सर्वधर्माणां मननात् मुनिः । बुद्धः । मनुते इति मुनिः ।']
शाक्यमुनि,['यस्तु शकेषु जातः शाक्यमुनि बुद्धावतारः ।']
शाक्यमुनि,['शकदेशेषु जातो मुनिः शाक्यमुनिः ।']
शाक्यमुनि,['शाकवनवासित्वात् शाक्यः । शाक्यश्चासौ मुनिश्च शाक्यमुनिः ।']
शाक्यसिंह,['शाक्येषु सिंहः श्रेष्ठः शाक्यसिंहः । शाक्यमुनिः । शाक्यः सिंह इव इति ।']
सर्वार्थसिद्ध,['सर्वार्थेषु सिद्धः सर्वार्थसिद्धः ।']
सर्वार्थसिद्ध,['सिद्धाः सर्वार्था यस्य सः सर्वार्थसिद्धः । शाक्यमुनिः ।']
शौद्धोदनि,['शाक्यमुनिः । शुद्धोदनस्य अपत्यं पुमान् शौद्धोनिः ।']
शौद्धोदनि,['शुद्धं न्यायपरिशुद्धं ओदनं भुङ्क्ते शुद्धोदनः तस्यापत्यं शुद्धोदनिः ।']
गौतम,['गौतमस्य अयं शिष्यः गौतमः ।']
गौतम,['गौतमस्य शिष्याः शाक्या गौतमा इत्युच्यन्ते   तद्वंशावतीर्णत्वाद्']
गौतम,['बुद्धोपि गौतमः । शाक्यमुनिः ।']
गौतम,['स च गोतमस्य अपत्यं पुमान् गौतमः ।']
अर्कबन्धु,['अर्कवंशजत्वात् अर्कबन्धुः । शाक्यमुनिः ।']
अर्कबन्धु,['अर्कस्य बन्धुः अर्कबन्धुः ।']
मायादेवीसुत,['माया चासौ देवी च  तस्या सुतः ।']
मायादेवीसुत,['मायादेव्याः सुतः मायादेवीसुतः । शाक्यमुनिः ।']
ब्रह्मन्,['बृंहतीति ब्रह्मा । ब्रह्मा ।']
ब्रह्मन्,['ब्रह्मति वर्धयति प्रजा इति ब्रह्मा ।']
आत्मभू,['आत्मना भवतीति आत्मभूः । ब्रह्मा ।']
आत्मभू,['आत्मनि   मनसि भवतीति आत्मभूः । मन्मथः । आत्मना भवतीति आत्मभू ।']
सुरज्येष्ठ,['सुराणां ज्येष्ठः सुरज्येष्ठः । ब्रह्मा । सुरश्चासौ ज्येष्टश्च सुरज्येष्ठः ।']
सुरज्येष्ठ,['सुरेषु ज्येष्ठः सुरज्येष्ठः ।']
परमेष्ठिन्,['परमे उत्कृष्ठपदे ब्रह्मलोकाख्ये तिष्ठतीति परमेष्ठी । ब्रह्मा ।']
परमेष्ठिन्,['परमे व्योमनि चिदकाशे तिष्ठति ।']
पितामह,['पितृणां पिता पितामहः   पितृणामपि जनयितॆत्यर्थः । ब्रह्मा ।']
पितामह,['लोकपितृणां मरीच्यादीनामर्यमादीनां वा पिता पितामहः ।']
हिरण्यगर्भ,['हिरण्यं गर्भॆ यस्येति वा हिरण्यगर्भः । ब्रह्मा ।']
हिरण्यगर्भ,['हिरण्यमयो गर्भॊ यस्य सः हिरण्यगर्भः ।']
लोकेश,['लोकानां चतुर्दशलोकानामीशः लोकेशः । ब्रह्मा ।']
स्वयंभू,['स्वयं भवतीति स्वयंभूः । ब्रह्मा ।']
चतुरानन,['चत्वारि आननानि यस्य सः चतुराननः । ब्रह्मा ।']
धातृ,['सर्वं ददाति इति धाता । ब्रह्मा ।']
अब्जयोनि,['अब्जं योनिः अस्य अब्जयोनिः ।']
अब्जयोनि,['अब्जं विष्णुनाभिकमलं योनिः उत्पत्तिस्थानं यस्य सः अब्जयोनिः । ब्रह्मा ।']
द्रुहिण,['द्रुह्यति दुष्टेभ्यः इति द्रुहिणः ।']
द्रुहिण,['द्रुह्यति हिंसत्यसुरेभ्यॊ इति द्रुहिणः ।']
विरिञ्चि,['विभिः हंसैः रिच्यते उह्यते इति वा विरिञ्चिः ।']
विरिञ्चि,['विरचयति भूतानीति विरिञ्चिः ।']
विरिञ्चि,['विरिङ्क्ते सूते विरिञ्चिः ।']
कमलासन,['कमलं आसनं यस्य सः कमलासनः । ब्रह्मा ।']
स्रष्टृ,['सृजतीति स्रष्टा । सृजविसर्गॆ । ब्रह्मा ।']
प्रजापति,['प्रजानां पतिः प्रजापतिः । ब्रह्मा ।']
वेधस्,['विधति सृजतीति वेधः । ब्रह्मा ।']
विधातृ,['विदधाति सर्वमिति विधाता । ब्रह्मा । विशेषेण दधातीति विधाता ।']
विश्वसृज्,['विश्वं सृजतीति विश्वसृज् । ब्रह्मा ।']
विधि,['सर्वं विदधातीति विधिः । ब्रह्मा । विधत्ते इति विधिः ।']
विष्णु,['विश्वं वेष्टि व्याप्नोतीति विष्णुः ।']
नारायण,['अरायणः  न अरायणः नारायणः ।']
नारायण,['नरसमूहो नारं   तस्य अयनमिति वा   तदयनमस्येति वा नारायणः ।']
नारायण,['नरस्येदं नारं  अवतारेषु नारं वपुर्यत इति नारायणः']
नारायण,['नारं अयते नानाति वा  आययति प्रवर्तयति वा ।']
नारायण,['नारा आपः अयनं स्थानं यस्य सः नारायणः ।']
नारायण,['शः शब्दाः आयन्ति निर्गच्छन्ति यस्मात् सः शयणः । रायणादन्यः अरायणः  न']
कृष्ण,['कृष्णवर्णत्वात् वा कृष्णः ।']
कृष्ण,['सर्वं करोतीति कृष्णः । विष्णुः । दैत्यान् कर्षतीर्ति वा कृष्णः ।']
वैकुण्ठ,['कस्मिश्चिन्मन्वन्तरे विकुण्ठायां मातरि जातत्वात् वैकुण्ठः । विष्णुः ।']
वैकुण्ठ,['वा अस्य ।']
वैकुण्ठ,['विकुण्ठायाः अपत्यम्  पुमान् वैकुण्ठः ।']
वैकुण्ठ,['विगता कुण्ठा नाशो।़स्य  विकुण्ठं ज्ञानं स्थानं नास्ति स्वरूपत्वेनाश्रयत्वेन']
विष्टरश्रवस्,['विष्टरं व्यापनशीलं श्रवं कीर्तिर्यस्य सः ।']
विष्टरश्रवस्,['विष्टरविव दर्भमुष्टीव श्रवसी कर्णौ अस्य ।']
विष्टरश्रवस्,['विष्टराकारो रोमावर्तः श्रवसि यस्य सः विष्टरश्रवाः ।']
विष्टरश्रवस्,['विष्टरे इव श्रवसी कर्णौ यस्य सः विष्टरश्रवाः ।']
दामोदर,['उदरे दाम यस्येति दामोदरः । दाम्ना उदरमात्रा बद्ध इति दामोदरः । विष्णुः ।']
हृषीकेश,['हृषीकाणाम् इन्द्रियाणाम् ईशः हृषीकेशः । विष्णुः ।']
केशव,['क इति ब्रह्मणो नाम ईशोहं सर्व देहिनां इति केशवः ।']
केशव,['कश्च अश्च ईशश्च ब्रह्म विष्णुरुद्राः  ते अस्मिन् वसन्तीति वा केशवः ।']
केशव,['कश्च ईशश्च केशो   तावस्मिन्स्त इति वा ।']
केशव,['केशिनमसुरं हतवानिति केशवः ।']
केशव,['शोभनाः केशाः यस्य सः केशवः ।']
माधव,['माधूयते शत्रुभिरिति वा पुण्डरीकाक्षः मधोः अपत्यमिति वा  तद्वंश्यत्वात् ।']
माधव,['मायाः लक्ष्म्याः धवः माधवः । यदोर्जायान् पुत्रो मधुः   तत्वंसजत्वात् माधवः ।']
स्वभू,['स्वेनात्मना जायत इति स्वभूः । विष्णुः । स्वेन हिरण्येन भवतीति वा स्वभूः ।']
दैत्यारि,['दैत्यानां अरिः दैत्यारिः । विष्णुः ।']
पुण्डरीकाक्ष,['पुण्डरीकाक्षः ।']
पुण्डरीकाक्ष,['पुण्डरीके इव अक्षिणी यस्य सः पुण्डरीकाक्षः । पुण्डरीकं हृत्कमलं अक्ष्णोति']
पुण्डरीकाक्ष,['व्याप्नोतीति वा पुण्डरीकेषु अक्षि यस्य इति वा । पुण्डरीकं लोकात्मकं अक्षति इत']
गोविन्द,['गां भूमिं विन्दवान् गोविन्दः । गां धेनुं विन्दतीति वा गां भुवं धेनुं स्वर्गं वेदं']
गोविन्द,['वा अविन्दत्  विन्दति  ।']
गरुडध्वज,['गरुडो ध्वजो यस्य सः गरुडध्वजः । विष्णुः ।']
पीताम्बर,['पीतं अम्बरं यस्य सः पीताम्बरः । विष्णुः ।']
विष्वक्सेन,['विषु नानास्थानेषु अञ्चति विष्वक् । सर्वतो व्यापिनी सेनास्य ।']
विष्वक्सेन,['विष्वक्समंततः व्याप्ता सेना यस्य सः विष्वक्सेनः । विष्णुः ।']
उपेन्द्र,['इन्द्रमुपगतः  अनुजत्वात् उपेन्द्रः । विष्णुः । द्वन्द्व रक्षणाय तत्समीपे स्थितो']
उपेन्द्र,['वा उपेन्द्रः । इन्द्र लोकादुपरि तिष्ठतीति वा उपेन्द्रः ।']
इन्द्रावरज,['इन्द्रस्य अवरजः  इन्द्रावरजः । विष्णुः ।']
चतुर्भुज,['चत्वारो भुजा यस्य सः चतुर्भुजः । विष्णुः ।']
पद्मनाभ,['पद्मं नाभौ यस्य सः पद्मनाभः । विष्णुः ।']
मधुरिपु,['मधोः असुरस्य रिपुः मधुरिपुः । विष्णुः ।']
वासुदेव,['देवश्च वासुदेवः । जगति वसति अयमिति वा वासुदेवः ।']
वासुदेव,['वसुदेवस्य अपत्यं पुमान् वासुदेवः । वसन्ति स्वस्मिन् जगन्तीति वासुः   वासुश्चासौ']
त्रिविक्रम,['त्रिषु लोकेषु गुणेषु वा  त्रयो वा विक्रमाः पादविन्यासा यस्य ।']
त्रिविक्रम,['त्रिषु लोकेषु विना गरुडेन क्रमते त्रिविक्रम इति वा ।']
त्रिविक्रम,['बलिबंधनकाले त्रिषु लोकेषु त्रयो विक्रमाः पादन्यासा यस्य सः त्रिविक्रमः । विष्णुः ।']
देवकीनन्दन,['देवक्याः नन्दनः देवकीनन्दनः । विष्णुः ।']
शौरि,['शूर इति वसुदेवस्य पिता तस्य गोत्रापत्यं शौरिः । विष्णुः ।']
शौरि,['शूरस्य अपत्यं  तद्वंसजत्वात् ।']
विधु,['विद्ध्यति व्यथते प्रत्यर्थिन इति विधुः । विदधातीति वा विधुः ।']
विधु,['विधत्यसुरान् इति विधुः ।']
विधु,['देवा एनं विशेषेण धयन्तीति विधुः ।']
विधु,['विरहिणं विध्यते इति विधुः ।']
वसुदेव,['वसुभिः धनैः दीव्यतीति वसुदेवः । कृष्णपिता ।']
प्रलम्बघ्न,['प्रलम्बघ्नः  हलायुधे']
प्रलम्बघ्न,['प्रलम्बमसुरं हतवान् प्रलम्बघ्नः । बलदेवः । प्रलम्बं दनुपुत्रं हन्तीति']
बलदेव,['बलेन दीव्यतीति बलदेवः ।']
अच्युताग्रज,['अच्युतस्य अग्रजो ज्येष्ठः अच्युताग्रजः । बलदेवः ।']
रेवतीरमण,['रेवत्याः रमणः पतिः रेवतीरमणः । बलदेवः ।']
राम,['रमन्ते अस्मिन् योगिनो रामः ।']
राम,['रमयति मोदयति रूपसंपदेति रामः । रमुक्रीडायां । बलदेवः । रमते इति रामः']
कामपाल,['भक्तकामान्\u200c पालयतीति कामपालः । कामं स्मरं पालयति आत्मजत्वात्कामपालः ।']
हलायुध,['हलं लांगलं आयुधं यस्य सः हलायुधः । बलदेवः ।']
रौहिणेय,['रोहिण्या अपत्यं रौहिणेयः । बलदेवः ।']
रौहिणेय,['रोहिण्याः अपत्यं पुमान् रौहिणेयः ।']
मुसलिन्,['मुसलायुधमस्यास्तीति वा मुसली । बलदेवः ।']
हलिन्,['हलमस्यास्तीति हली । बलदेवः ।']
सीरपाणि,['सीरं लांगलं पाणौ यस्य सः सीरपाणिः । बलदेवः ।']
बल,['बलमस्यास्तीति बलः । बलदेवः ।']
मदन,['मदयतीति मदनः । मन्मथः ।']
मन्मथ,['मत् बुद्धिः तां मध्नातीति मन्मथः ।']
मार,['अनेन म्रियन्ते इति मारः ।']
मार,['मारयति विरहिजनमिति मारः । मन्मथः । म्रियन्ते अनेन इति मारः । वियुक्ता']
प्रद्युम्न,['प्रकृष्टं द्युम्नं बलमस्य प्रद्युम्नः । मन्मथः ।']
मीनकेतन,['मीनः केतनं ध्वजो यस्य सः । मन्मथः ।']
कन्दर्प,['कं कुत्सिते अव्ययं कुत्सितो दर्पॊ यस्य सः कन्दर्पः । मन्मथः ।']
कन्दर्प,['कं सुखं तत्र तेन दष्यति इति कन्दर्पः ।']
कन्दर्प,['कं सुखं तद्वत्सुदर्पॊ यस्य सः कन्दर्पः ।']
कन्दर्प,['के ब्रह्मण्यपि दृप्तवान् कन्दर्पः । मन्मथः ।']
दर्पक,['दर्पयतीति दर्पकः । मन्मथः ।']
अनङ्ग,['न अङ्ग ज्ञानं अस्यास्तीति वा ।']
अनङ्ग,['न विद्यते अङ्गं यस्य सः अनङ्गः । मन्मथः ।']
काम,['कामयति सुरतेच्छां उत्पादयतीति कामः । मन्मथः । काम्यते अनेन इति कामः ।']
पञ्चशर,['उन्मादन  रोदन  संमोहन  शोषण  मारणाख्याः पंचशराः यस्य सः पञ्चशरः । मन्मथः ।']
पञ्चशर,['पञ्च शहाः अस्य ।']
स्मर,['स्मरन्त्यनेन कामिनः कामिनीरिति स्मरः । मन्मथः ।']
मनसिज,['मनसि जायत इति मनसिजः । मन्मथः ।']
मनसिज,['श्रृङ्गाररूपेण मनसि जायत इति मनसिजः ।']
कुसुमेषु,['कुसुमान्येव इषवः यस्य सः कुसुमेषुः । मन्मथः ।']
अनन्यज,['नास्ति अन्यत् अस्मात् अनन्यो विष्णुः । ततो जातः ।']
अनन्यज,['मनसॊन्यस्मात् न जायत इति अनन्यजः । मन्मथः ।']
अनन्यज,['मनसो।़न्यस्मान्न जायते इति वा ।']
पुष्पधन्वन्,['पुष्पाणि धन्व यस्य सः पुष्पधन्वा । मन्मथः । पुष्पं धनुः यस्य इति पुष्पधन्वा ।']
रतिपति,['रतेः पतिः रतिपतिः । मन्मथः ।']
मकरध्वज,['मकरो ध्वजो यस्य सः मकरध्वजः । मन्मथः । मकरः ज्वजे यस्य सः मकरध्वजः ।']
ब्रह्मसू,['अनिरुद्धः । मन्मथः ।']
ब्रह्मसू,['कल्पादावनिरुद्धमूर्तिः पुराणपुरुषो विष्णुर्ब्रह्माणं सूतवानिति ब्रह्मसूः ।']
ब्रह्मसू,['ब्रह्म तपः  ब्रह्मणं वा सुवति चालयति ।']
अनिरुद्ध,['अनिरुद्धयते परै इति अनिरुद्धः । अनिरुद्धः । न निरुद्धः इति अनिरुद्धः ।']
अनिरुद्ध,['न निरुध्यत इति अनिरुद्धः ।']
उषापति,['उषा   बाणसुता   तस्याः पतिः उषापतिः । अनिरुद्धः ।']
लक्ष्मी,['लक्ष्यते सर्वमनया इति लक्ष्मीः ।']
पद्मालया,['पद्मं आलयो यस्याः सा पद्मालया । लक्ष्मी ।']
पद्मा,['पद्यते सेव्यत इति पद्मा । पद्मं अस्ति अस्याः इति ।']
कमला,['कम्यत इति कमला । कमुकान्ति   कमलमस्या अस्तीति वा कमला । कमलैव कमला ।']
श्री,['श्रयति हरिं इति श्रीः ।']
श्री,['श्रियते स्रर्वैरिति श्रीः । लक्ष्मीः । श्रीयत इति श्रीः श्रयत इति वा ।']
हरिप्रिया,['हरेः प्रिया हरिप्रिया । लक्ष्मीः ।']
इन्दिरा,['इन्दतीती इंदिरा । लक्ष्मीः । इन्दिं रातीति इन्दिरा ।']
मा,['अस्यै नाम्नः एकदेशग्रहणं मा इति । लक्ष्मीः ।']
रमा,['रमत इति रमा । लक्ष्मीः रमयतीति रमा ।']
पाञ्चजन्य,[' शमयति दुष्टानिति शंखः  विष्णुशंखः ।']
पाञ्चजन्य,['पञ्चजनाख्ये असुरे बवः पाञ्चजन्यः ।']
पाञ्चजन्य,['समुद्रे तिमिररूपचारिणः पञ्चजनाख्यस्य असुरस्य अस्थिजत्वात् पाञ्चजन्यः ।']
सुदर्शन,['इति सुदर्शनः ।']
सुदर्शन,['करोति अभीष्टं चक्रं । चक्रति भ्रमतीति वा चक्रं । भक्तैः सुखेन दृश्यते']
सुदर्शन,['पुंलिङ्ग पक्षे सुष्टु सत्रुन् पश्यतीति सुदर्शनः ।']
सुदर्शन,['शोभनं दर्शनम् अस्येति वा सुदर्शनः । सुष्टु दृश्यते इति सुदर्शनम् ।']
कौमोदकी,[' देवास्त्रत्वात् गदति भाषतीति गदा  विष्णुगदा ।']
कौमोदकी,['कुं भूमिं मोदयति हर्षयति इति कुमोदको विष्णुः  तस्येयं कौमोदकी ।']
कौमोदकी,['को पृथिव्याः मोदकः कुमुदको विष्णुः  तस्येयं कौमोदकी ।']
नन्दक,[' खण्डयति दुष्टानिति खड्गः  नन्दयति मित्राणीति नंदकः । विष्णोः गदा ।']
नन्दक,['नन्दयति देवान् ।  चौ']
कौस्तुभ,['कुं स्तुभ्नाति व्याप्नोतीति कुस्तुभो समुद्रः । तत्र भवतीति कौस्तुभः  मन्यते प्रकाशते']
कौस्तुभ,['कुं स्तुभ्नातीति कुस्तुभो हरिः । तस्यायं कौस्तुभः । विष्णोर्माणेः ।']
कौस्तुभ,['कौ भुवि स्तोभते व्याप्नोतीति कुस्तुभः ।']
कौस्तुभ,['मणिः']
गरुड,['गरुद्भिः डीयते इति गरुडः । गिरति सर्पान्वा गरुडः ।']
तार्क्ष्य,['तार्क्षस्य कश्यपस्य अपत्यम् पुमान् तार्क्ष्यः  हला    चौ']
तार्क्ष्य,['तृक्षस्य ऋक्षेरपत्यं तर्क्ष्यः । गरुडः । तृक्षस्य अपत्यं पुमान् तार्क्ष्यः']
वैनतेय,['विनतायाः अपत्यं वैनतेयः । गरुडः ।']
खगेश्वर,['खगानाम् ईश्वरः खगेश्वरः । गरुडः ।']
नागान्तक,['नागानाम् अन्तकः नागान्तकः । गरुडः ।']
विष्णुरथ,['विष्णोः रथः विष्णुरथः । गरुडः । विष्णोः रथ इव विष्णुरथः ।']
सुपर्ण,['शोभनानि पर्णानि पक्षा यस्य सः सुपर्णः । गरुडः । कनकमयत्वात्कनकवर्णाद्वा']
सुपर्ण,['शोभने पर्णे पक्षावस्य । गरुडः ।']
पन्नगाशन,['पन्नगा अशनं यस्य सः पन्नगाशनः । गरुडः । पन्नगानअश्नातीति पन्नगः ।']
ईश,['ईष्टे ईशः । शिवः ।']
पशुपति,['त्राता संसारबंधनात् । शिवः । पशूनां स्थावरजङ्गमानां प्राणिमात्रस्य वा पतिः']
पशुपति,['पशुपतिः ।  हला']
पशुपति,['पशूनां प्रमथानां पतिः पशुपतिः । शिवः पशवः   क्षेत्रज्ञाः   तॆषां पतिः']
शिव,['वा शिवः ।']
शिव,['विशते सज्जनमनस्विति वा शिवः । शिवं कल्याणं तद्योगाद्वा शिवः । शिवं अस्यास्तीति']
शिव,['शाम्यति परमानन्दस्वरूपत्वान्निर्विकारो भवतीति शिवः । शेरते सज्जनमनांस्यास्मिन्निति शिवः ।']
शूलिन्,['शूलमस्यास्तीति शूली । शिवः ।']
महेश्वर,['महांश्चासौ ईश्वरश्च महेश्वरः । शिवः ।']
ईश्वर,['ईष्टे इति ईश्वरः । शिवः । ईशितुं शीलमस्य इति शिवः ।']
शर्व,['प्रलये भूतानि शृणाति हिनस्तीति शर्वः । शृ हिंसायां । शिवः । शृणाति इति']
शर्व,['शर्वः । शिवः ।']
ईशान,['ईष्टे ईशानः । शिवः । ईष्टे तच्छीलः । शिवः ।']
चन्द्रशेखर,['चन्द्रः शेखरं शिरोभूषणं यस्य सः चन्द्रशेखरः । शिवः ।']
भूतेश,['भूतानां प्रमथानामीशः भूतेशः । शिवः ।']
खण्डपरशु,['इति  तादृशः परशुः अस्य ।']
खण्डपरशु,['कदाचित् खण्डितोस्य परशुरिति वा । खण्डयतीति खण्डः परशु अस्य । खण्डयति शत्रून्']
खण्डपरशु,['खण्डयति परशुना खण्डपरशुः । खण्डः खण्डितः परशुरित्यसुरोनेनेतिवा ।']
गिरीश,['गिरिः अस्याश्रयत्वेनेति गिरीशः ।']
गिरीश,['गिरेः कैलासस्य ईशः गिरीशः । शिवः ।']
गिरिश,['गिरौ शेते इति गिरिशः ।']
मृड,['मृडयति सुखयति भक्तानिति मृडः । स्वयं सुखी वा मृडः । मृडति इति मृडः ।']
कृत्तिवासस्,['कृत्तिश्चर्मवासो यस्य सः कृत्तिवासाः । शिवः ।']
पिनाकिन्,['पिनाक इति धनुरस्यास्तीति पिनाकी । शिवः ।']
प्रमथाधिप,['प्रमथानां अधिपः प्रमथाधिपः । शिवः ।']
उग्र,['उग्रत्वात् उग्रः । शिवः । उच्यति क्रुधा समवैति उग्रो रौद्रत्वात् ।']
कपर्दिन्,['कपर्दोस्यास्तीति कपर्दी । शिवः । कपर्दशब्दात् अस्यास्तीत्यर्थे ।']
श्रीकण्ठ,['कालकूटभरणजा श्रीः शोभा कण्ठे यस्य सः श्रीकण्ठः । शिवः ।']
श्रीकण्ठ,['श्रीः कण्ठे शोभा कण्ठे अस्य ।']
शितिकण्ठ,['शितिः कृष्णवर्णः कण्ठो यस्य सः शितिकण्ठः । शितिः कण्ठे यस्येति वा']
शितिकण्ठ,['शितिकण्ठः । शितिः कालः कण्ठो।़स्य ।']
कपालभृत्,['कपालं बिभर्तीति कपालभृत् । शिवः ।']
वामदेव,['वामः श्रेष्ठः स चासौ देवश्च वामदेवः । वामपार्श्वे धृतादेवि येन वा वामदेवः । वामया दिव्यतीति वा वामदेवः ।']
वामदेव,['वामः श्रेष्ठो लोकविपरीतो वामदेवः ।']
वामदेव,['वामया दिव्यतीति वा वामदेवः । वक्रत्वाद्वामः स चासौ देवश्च इति वा ।']
महादेव,['महांश्चासौ देवश्च महादेवः । शिवः । महान्देवो नृत्यादिरूपा क्रीडा']
महादेव,['यस्येति वा ।']
विरूपाक्ष,['विरूपाणि रविचन्द्राग्निरूपत्वात् त्रिविधानि अक्षीणि यस्य सः विरूपाक्षः । शिवः ।']
विरूपाक्ष,['विविधानि रविचन्द्राग्निरूपाण्यक्षीण्यस्य ।']
त्रिलोचन,['त्रीणि लोचनानि यस्य सः त्रिलोचनः । शिवः । त्रिषु कालेषु लोकेषु गुणेषु']
त्रिलोचन,['वेदेषु लोचनं ज्ञानं यस्येति वा ।']
कृशानुरेतस्,['कृशानुरग्निः रेतो यस्य सः  कृतानुरेताः । शिवः । कृशानौ रेतौ अस्य ।']
कृशानुरेतस्,['कृशानौ रेतौ यस्य कृशानुः सुतरूपो रेतो।़स्येति वा ।']
धूर्जटि,['धूर्गंगा जटासु यस्येति धूर्जटिः । शिवः धूर्भारः   तद्भूता जटा यस्येति वा']
धूर्जटि,['धूर्जटिः ।']
नीललोहित,['जुह्वतो ब्रह्मणो ललाट स्वेदजं तेजोग्नौ निपत्य नीलं']
नीललोहित,['नीलः कण्ठे लोहितः केशेष्वस्येति वा नीललोहितः । नीलश्चासौ लोहितश्च कण्ठे जटासु च ।']
नीललोहित,['सल्लोहितमभूत् ततोयं जात इति नीललोहितः । शिवः ।']
हर,['हरति प्रलये सर्वमिति हरः । भक्तानामार्तिं हरतीति वा हरः । हरति अयं हरः ।']
भव,['सर्वस्मात् भवतीति भवः । शिवः । भवति   भवते वा सर्वम् ।  भवत्यस्माद्विश्वं भवः ।']
भीम,['बिभेति अस्मात् त्रैलोक्यमिति भौमः । शिवः ।']
स्थाणु,['प्रलये तिष्ठतीति स्थाणुः । शिवः ।']
कपर्द,['कं शिरः पुपर्ति पूरयति इति कपर्दः । जटाबन्धः । कस्य गङ्गाजलस्य पूरणे']
कपर्द,['दायते शुद्धयत इति वा कपर्दः ।']
पिनाक,['त्रिपुर दाहकाले शरज्वालाजालैः नाकं पिहितवानिति पिनाकः   तदा मेरु']
पिनाक,['धनुष्ट्वात् । शिवधनुष् ।']
पिनाक,['पिनह्यत इति पिनाकः । पति इति पिनाकः ।']
अजगव,['अजं छागं गच्छति यज्ञत्वेन प्रविशतीति वा । अजगो विष्णुरस्ति शारत्वेनास्मिन्नास्ति ।']
अजगव,['अजगवास्थि विकारत्वात् अजगवं । शिवधनुष् ।']
अजगव,['अजयोर्विष्णुब्रह्मणोर्गं  त्रिपुरासुखधे गीतं  तादृशं गीतं वाति संबध्नाति इति ।']
अजगव,['अजेन ब्रह्मणा गम्यते इति ।']
प्रमथ,['प्रमथयति शत्रून् प्रमथः । शिवानुचराः । दुष्टान् प्रमथयतीति ।']
पारिषद,['परिषद साधुः पारिषदः । ते चण्डीश्वर नंदि महकाल भृग्ङ्यादयः । शिवानुचरः ।']
मातृ,['ब्राह्म्याद्या मातरः । मान्ति परिचर्या मातरः । ताः सप्त । मान्यन्ते पूज्यन्ते']
मातृ,['लोकमातृत्वात् इति मातरः ।']
ब्राह्मी,['ब्रह्मसंबन्धिनी ब्राह्मी । ब्रह्मण इयं ब्राह्मी ।']
माहेश्वरी,['महेश्वरसंबन्धिनी माहेश्वरी । महेश्वरस्य इयं माहेश्वरी ।']
कौमारी,['कुमारसंबन्धिनि कौमारी । कुमारस्य इयं कौमारी ।']
वैष्णवी,['विष्णुसंबन्धिनी वैष्णवी । विष्णोः इयं वैष्णवी ।']
इन्द्राणि,['इन्द्रसंबन्धिनी इन्द्राणी । इन्द्रस्य इयं इन्द्राणी ।']
चामुण्डा,['चामुण्ड नामासुर संहारित्वात् चामुण्डा । ब्रह्मादि शक्तिदेवताः ।']
विभूति,['विशेषेण भवतीति विभूतिः । सम्मिलित अष्टसिद्धि प्रभावः ।']
विभूति,['विशेषेण भवनं विभूति ।']
भूति,['विशेषेण भवतीति भूतिः ।']
ऐश्वर्य,['ईश्वरस्य भाव ऐश्वर्य । सम्मिलित अष्टसिद्धिप्रभावः ।']
अणिमन्,['अणुत्वं सूक्ष्मतया या लक्ष्यते सा अणिमन् । सम्मिलित अष्टसिद्धिप्रभावः ।']
अणिमन्,['अणोर्भावः अणिमन् ।']
महिमन्,['महत्वेन महिमन् । सम्मिति अष्टसिद्धिप्रभावः । महतोर्भावः ।']
गरिमन्,['गुरुत्वेन गरिमन् । सम्मिलित अष्टसिद्धिप्रभावः ।']
लघिमन्,['लघुत्वेन लघिमन् । सम्मिलित अष्टसिद्धिप्रभावः । लघोर्भावः ।']
प्राप्ति,['यया इष्टप्राप्तिः सा प्राप्तिः । सम्मिलित अष्टसिद्धिप्रभावः ।']
प्राकाम्य,['इच्छया निर्विघ्नसंचार शक्तिर्यया तत् प्राकाम्यः । सम्मिलित अष्टसिद्धिप्रभावः ।']
प्राकाम्य,['प्रकामस्य भावः इच्छानभिघातः ।']
ईशित्व,['सर्वातिशायित्वम् ईशत्वं । सम्मिलित अष्टसिद्धिप्रभावः । ईशिनो भावः ईशित्वम् ।']
वशित्व,['इति वशिनः  तस्य भावः वशित्वम् ।']
वशित्व,['स्वाधीनेन्द्रियत्वं वशित्वं । सम्मिलित अष्टसिद्धिप्रभावः । वशो।़स्यास्ति']
उमा,['अवतीति उमा ।']
उमा,['उ इत्यनेन संबोध्य मा इत्यनेन तपसो मात्रा निषिद्धत्वात् उमा । पार्वाती ।']
उमा,['उं शिवं माति मिमीते वा ।']
उमा,['ओर्महेशस्य मा लक्ष्मीः ।']
कात्यायनी,['कतस्य अपत्यं स्त्री ।']
कात्यायनी,['कति अयनानि मोक्षमार्गाः सन्तीति विचारयतीति कत्ययनः। तस्य गोत्रापत्यं कात्यायनी ।']
गौरी,['गौरवर्णत्वात्\u200c गौरी । पार्वती । गौरो वर्णो।़स्त्यास्याः इति गौरी ।']
काली,['कालवर्णत्वात् काली । पार्वती ।']
हैमवती,['हिमवतः अपत्यं स्त्री हैमवती । पार्वती ।']
ईश्वरी,['ईश्वरस्य पत्नी ईश्वरी । पार्वती ।']
ईश्वरी,['ईश्वरा   ईष्टे इति ईश्वरा  पाठान्तरम्']
शिवा,['शिवं मङ्गलमस्याः अस्तीति शिवा । पार्वती ।']
भवानी,['भवस्य पत्नी भवानी । पार्वती ।']
रुद्राणी,['रुद्रस्य पत्नी रुद्राणी । पार्वती ।']
अपर्णा,['तपसि पर्णानामप्यनशनाद् अपर्णा । अपगतमृणं ययेति वा अपर्णा । पार्वती ।']
अपर्णा,['तपस्यान्त्या पर्णानामपि त्यागात् । न पर्णानि अस्याः ।']
पार्वती,['पर्वतस्य अपत्यं स्त्री पार्वती ।']
दुर्गा,['दुःखेन गन्तुं ज्ञातुं शक्यत इति दुर्गा । पार्वती । दुर्गं वनगिरिरूपमावासो']
दुर्गा,['यस्याः साः दुर्गा । दुःखेन दुष्टौर्वा गीयते स्तूयते ।']
मृडानी,['मृडस्य पत्नी मृडानी । पार्वती ।']
चण्डिका,['चण्डति कुप्यतीति चण्डिका । चण्डासुरमथनाद्वा चण्डिका । पार्वती ।']
अम्बिका,['जगन्मातृत्वात् अम्बिका । अम्बते जनयति सर्वम् अम्बिका । अम्बैव अम्बिका ।']
आर्या,['श्रेष्ठत्वादार्या । पार्वती ।']
दाक्षायणी,['दक्षस्यापत्यं दाक्षायणी । पार्वती ।']
गिरिजा,['गिरेः जाता इति गिरिजा । पार्वती ।']
विघ्नराज,['विघ्नानां राजा विघ्नराजः । विनायकः ।']
द्वैमातुर,['द्वयोर्मात्रोः उमा गङ्गयोरपत्यं द्वैमातुरः । विनायकः ।']
गणाधिप,['गणानां प्रमथादीनाम् अधिपो गणाधिपः । विनायकः ।']
एकदन्त,['कार्तिकेयोत्पाटितैकदन्तत्वात् एको दन्तो यस्य सः एकदन्तः । विनायकः ।']
हेरम्ब,['हे रुद्रसमीपे रम्बते तिष्ठतीति हेरम्बः । हेरते वर्धयति भक्तानिति वा']
हेरम्ब,['हेरम्बः । हे रणे शिवसमीपे वा रम्बते इति हेरम्भः ।']
लम्बोदर,['लम्बम् उदरं यस्य सः लम्बोदरः । विनायकः ।']
गजानन,['गजस्येव आननं यस्य सः गजाननः । विनायकः ।']
कार्तिकेय,['कृत्तिकानामपत्यं कार्तिकेयः । विनायकः ।']
महासेन,['महती सेना यस्य स महासेनः । विनायकः ।']
शरजन्मन्,['शराख्ये तृणे जन्म यस्य सः शरजन्मा । शरे जले वा जन्म यस्य सः शरजन्मा ।']
शरजन्मन्,['शरेषु जन्मो।़स्य ।']
षडानन,['अग्निपत्नीनां षण्णां स्तन्यपानार्थं षट् आननानि यस्य सः   षडाननः । कार्तिकेयः ।']
पार्वतीनन्दन,['पार्वत्या नन्दनः पार्वतीनन्दनः । कार्तिकेयः ।']
स्कन्द,['स्कन्दः । स्कन्देतउत्प्लुप्य गच्छति  शोषयति दैत्यान् वा । स्कन्दतीति स्कन्दः ।']
स्कन्द,['स्कन्दयति शत्रून् शोषयतीति स्कन्दः । देवस्त्री दर्शनात् ईश्वररेतसः']
सेनानी,['देवसेनां नयति प्रापयतीति सेनानीः । कार्तिकेयः ।']
अग्निभू,['अग्नेर्भवतीत्यग्निभूः । कार्तिकेयः ।']
गुह,['गूह्यति परायुधेभ्यः आत्मसैन्यं गोपायतीति गुहः । कार्तिकेयः ।']
बाहुलेय,['बहुलानां कृत्तिकानामपत्यं बाहुलेयः । कार्तिकेयः ।']
तारकजित्,['तारकं जितवानिति तारकजित् । कार्तिकेयः । तारकं जयतीति तारकजित् ।']
विशाख,['विशाखति इति विशाखः ।']
विशाख,['विशाखा नक्षत्रे जातः विशाखः । कार्तिकेयः ।']
शिखिवाहन,['शिखी मयूरो वाहनं यस्य सः शिखिवाहनः । कार्तिकेयः ।']
षाण्मातुर,['षण्णां मातृणामपत्यं षाण्मातुरः । कार्तिकेयः ।']
शक्तिधर,['शक्तेर्धरः शक्तिधरः । कार्तिकेयः । शक्ति धारयतीति शक्तिधरः ।']
कुमार,['कुत्सितान्\u200c मारयतीति वा कुमारः ।']
कुमार,['कुमारयतीति कुमारः ।']
कुमार,['कौ पृथिव्यां मां लक्ष्मीं राति ददाति इति वा कुमारः ।']
कुमार,['कौ पृथिव्यां मारयति मन्मथवदाचरतीति वा कुमारः ।']
कुमार,['सदा बालत्वात्\u200c कुमारः ।']
क्रौञ्चदारण,['क्रौञ्चस्य पर्वतस्य दारणः ।']
क्रौञ्चदारण,['क्रौञ्चाख्यं पर्वतं दारितवान्\u200c क्रौञ्चदारणः । दृविदारणे । कार्तिकेयः ।']
इन्द्र,['इन्दतीति इन्द्रः ।']
मरुत्वत्,['मरुतो देवा अस्य सन्तीति मरुत्मान् । इन्द्रः । मरुतः सन्त्यस्य ।']
मघवन्,['मह्यते पूज्यते मघवा । मघः यागोस्यास्तीति मघवान् । इन्द्रः ।']
बिडौजस्,['ओजो।़स्येति विडौजाः बिडं भेदकमोजो।़स्य इति ।']
बिडौजस्,['बिडं । शत्रुभेदकमाक्रोशनं वा ओजो यस्य सः ।विट्सु प्रजासु मनुष्येषु वा']
बिडौजस्,['वेष्टीति विडम्बयोरभेदात् बिडं व्यापनशीलं ओजो यस्य सः बिडौजाः । बिडतीति']
पाकशासन,['पाकं वृत्रासुर भ्रातारं शासितवान्\u200c पाकशासनः । पाकं गर्भं शिक्षितवानिति']
पाकशासन,['वा । पाकस्य दैत्यभेदस्य शासनः ।']
वृद्धश्रवस्,['वृद्धं प्रभूतं श्रवः श्रवणं स्त्रोत्रं हविर्लक्षणमन्नं वायस्य ।']
वृद्धश्रवस्,['वृद्धं श्रवं कीतिर्यस्य सः वृद्धश्रवाः । वृद्धैः श्रूयत इति वा ।']
वृद्धश्रवस्,['वृद्धेभ्यः शृणोतीति । वृद्धेभ्यः शृणोतीति । वृद्धेभ्यः श्रवः हितश्रवणं यस्य ।']
सुनासीर,['`शु  इति अव्यये शुनासीरः इति रूपं भवति ।']
सुनासीर,['शुनाः समृद्धाः सीरा येनेति वा । शुनासीरौ वायुसूर्यावस्यस्त इति वा ।']
सुनासीर,['शोभनं नासीरं यस्य सुनासीरः । शुनन्तीति शुनाः । शुनाः सीरा लाङ्गलानि येन ।']
सुनासीर,['सुष्ठु नासीरं सेनामुखं  नासीरा अग्रेसरा वा यस्य द्विदन्त्यः ।']
पुरुहूत,['नामान्यस्येति वा ।']
पुरुहूत,['पुरुप्रभूतं हूतं यज्ञेषु आह्वानं यस्य पुरुहूतः । पुरु भूयिष्ठं हूयते']
पुरुहूत,['यज्ञेष्विति पुरुहूतः । पुरु नामानं असुरं हतवानिति वा । पुरुणि हूतानि']
पुरन्दर,['पुराणि अरीणां दारयतीति पुरन्दरः । इन्द्रः ।']
जिष्णु,['जयशीलो जिष्णुः । इन्द्रः । जयतीति जिष्णुः ।']
लेखर्षभ,['लेखानां देवानामृषभः लेखर्षभः । इन्द्रः । लेखेषु ऋषभः । लेख ऋषभ इव ।']
शक्र,['शक्नोति दुष्टजय इति शक्रः । इन्द्रः ।']
शतमन्यु,['मन्युः क्रोधो।़स्येति वा । शतं मव्यवरे दैत्यान्यस्येति वा दैत्यैः पराजितत्वात् ।']
शतमन्यु,['शतं मन्यवो यस्य सः शतमन्युः । इन्द्रः । शतं मन्यवो यागा अस्य । शते दैत्येषु']
दिवस्पति,['दिवः पतिः दिवस्पतिः । इन्द्रः ।']
सुत्रामन्,['सुष्ठु त्रायते इति सुत्रामा । इन्द्रः ।']
गोत्रभिद्,['गोत्रान्\u200c पर्वतान्\u200c  भिनत्तीति गोत्रभित्\u200c । इन्द्रः ।']
वज्रिन्,['वज्रोस्यास्तीति वज्री । इन्द्रः ।']
वासव,['वसूनि रत्नानि यस्य सन्तीति वासवः । इन्द्रः । वसोरपत्यमिति वा दैत्यानां']
वासव,['वासं वाति वा ।']
वृत्रहन्,['वृत्रं हतवान्\u200c वृत्रहा । इन्द्रः ।']
वृषन्,['वर्षतीति वृषा । इन्द्रः ।']
वास्तोष्पति,['वास्तोः गृहक्षेत्रादेः पतिः अधिदेवता वास्तोष्पतिः । इन्द्रः ।']
सुरपति,['सुराणां पतिः सुरपतिः । इन्द्रः ।']
बलाराति,['बलाख्यस्यासुरस्य अरातिर्बलारातिः । इन्द्रः ।']
शचीपति,['शच्याः पतिः शचीपतिः । इन्द्रः ।']
जम्भभेदिन्,['जम्भाख्यमसुरं भिनत्तीति जम्भभेदी । इन्द्रः ।']
हरिहय,['स वर्णतो।़श्वस्तु पीतकौशेयसप्रभः ।']
हरिहय,['हरयो हरितवर्णाः हयाः यस्य सः हरिहयः । इन्द्रः । हरिर्ययो यस्य । हरिः']
स्वाराज्,['आ राजते वा ।']
स्वाराज्,['स्वः स्वर्गे राजत इति स्वराट् । इन्द्रः । स्वेषु देवेषु स्वेन धनेन वा']
नमुचिसूदन,['नमुचिं सूदितवान् नमुचिसूदनः । इन्द्रः । न मुञ्चतीति नमुचिः तस्य सूदनः']
नमुचिसूदन,['नमुचिसूदनः ।']
संक्रन्दन,['संक्रन्दयति रिपूनिति संक्रन्दनः । इन्द्रः ।']
पुलोमजा,['पुलोमजा । पुलोम्ने मुनेर्जाता ।']
पुलोमजा,['पुलोम्न असुराज्जाता पुलोमजा । पुरूणि लोमानि यस्य पुलोमा  तस्माज्जातेति']
शची,['शचते इति शची ।']
शची,['शच्यते हंसवत् गच्छतीति शची । इन्द्राणी ।']
इन्द्राणी,['इन्द्रस्य पत्नी इन्द्राणी ।']
अमरावती,['अमरा अस्यां वसन्तीत्यमरावती । इन्द्रपुरम् ।']
उच्चैःश्रवस्,['उच्चैः श्रृणोतीति वा ।']
उच्चैःश्रवस्,['उच्छैः श्रवसी यस्य सः उच्छैश्रवाः । उच्छैश्रवः कीर्तिर्यस्येति वा ।']
मातलि,['मतानि सूतकर्मणि लाति गृह्णाति इति मतलः । तस्यापत्यं मातलिः । इन्द्रसारथिः ।']
नन्दन,['नन्दयतीति नन्दनम् । इन्द्रवनम् ।']
वैजयन्त,['प्रशस्ताः वैजयन्त्यः पताका अस्मिन्\u200c सन्तीति वैजयन्तः । इन्द्रगृहम् ।']
जयन्त,['जयति शत्रूनिति जयन्तः । सौन्दर्येण सर्वानभिभवति वा जयन्तः । इन्द्रपुत्रः ।']
पाकशासनि,['पाकशासनस्यापत्यं पाकशासनिः । इन्द्रपुत्रः ।']
ऐरावत,['इरा आपस्सन्ति यत्र स इरावान्\u200c   समुद्रः । तत्र जातः ऐरावतः । इन्द्रहस्ति ।']
ऐरावत,['इरा उदकानि सन्ति अस्मिन् ।']
ऐरावत,['इराः आपः अस्मिन्\u200c सन्तीति इरावान्\u200c समुद्रः   तस्मिन्\u200c जातः ऐरावतः ।']
अभ्रमातङ्ग,['अभ्रे मातङ्गः अभ्रमातङ्गः । अभ्रात्मको वा मातङ्गः । अभ्रं मेघः तदात्मको']
अभ्रमातङ्ग,['मातङ्गः । अभ्र आकाशे मेघे वा विद्यमानो मातङ्ग इति वा ।']
ऐरावण,['इरया उदकेन वणति इति इरावणः  तत्र भवः ऐरावणः । इरा सुरा वनमुदकं यस्मिन्']
ऐरावण,['इरा हाला तत्प्रधानवनम् इरावणं   तत्र जातः ऐरावणः । ऐरावतः । इन्द्रहस्ति ।']
ऐरावण,['इरावण  तत्र भवः ऐरावणः ।']
अभ्रमुवल्लभ,['अभ्रमु नाम्न्या हस्तिन्याः वल्लभः अभ्रमुवल्लभः । ऐरावतः । इन्द्रहस्ति ।']
अभ्रमुवल्लभ,['अभ्रे खे माति  न भ्राम्यति वा मन्थरगामिनीत्वा । अभ्रमोर्वल्लभः ।']
ह्रादिनी,['ह्रादते अवश्यम् इति वा ।']
ह्रादिनी,['ह्रादते शब्दायत इति ह्रादिनी । वज्रायुधः। ह्रादोस्यास्तीति वा ।']
ह्रादिनी,['ह्रादते शब्दयते इति ह्रादिनी ।']
ह्रादिनी,['ह्रादो अस्यास्तीति ह्रादिनी ।']
वज्र,['उभाभ्यां संबध्यते तेन वज्रकुत्सिशशब्दययोः पुल्लिङ्गमफ्यास्ति   कुलिशो मम']
वज्र,['वक्षसीति भट्टिः ।']
वज्र,['व्रजति याति न प्रतिहन्यत इति वज्रं । व्रजगतौ अस्त्रीति काकाक्षि न्यायेन']
कुलिश,['कुलिशः । कुलौ हस्ते शेते तिष्ठतीति वा कुलिशः । कुलीन् पर्वतान् श्यति']
कुलिश,['कुल्यते संतन्यते कीर्ति अनेनेति कुलिशम् ।  कुं पृथिवीं लेशयतीति वा']
कुलिश,['पक्षच्छेदेन तनूकरोतीति वा ।']
भिदुर,['भिनत्ति शत्रुबलमिति भिदुरं । वज्रायुधः ।']
पवि,['पुनाति वैरमिति पविः । वज्रायुधः ।']
शतकोटि,['शतं कोटयोधारा यस्य सः शतकोटिः । वज्रायुधः ।']
स्वरु,['वज्रायुधः ।']
स्वरु,['स्वरति शब्दायते उपतापयति परानिति वा स्वरुः । शोभनान्यरूंषिधारा अस्येति वा ।']
शम्ब,['इति वा शंभयति संबध्नाति शत्रृन् इति वा ।']
शम्ब,['शं शभमस्यास्तीति शम्बः । शत्रून्\u200c शमयतीति शम्ब । शं शबमस्यास्त्यभेद्यत्वात्']
दम्भोलि,['दम्भादाटोपाल्लीयत इति दम्भोळिः । दभ्नाति भेदयति अरीनिति वा । दम्भासि']
दम्भोलि,['प्रेरणे अलति पर्याप्नोतीति । दम्भसि रोधने अलिः समर्थः ।']
अशनि,['अश्यते भुज्यते त्रैलोक्यम् अनेनेति अशनिः । वज्रायुधः । अश्यते अनेन इति वा ।']
व्योमयान,['व्योम याति ।']
व्योमयान,['व्योम्नि यान्ति अनेन ।']
व्योमयान,['व्योम्नियानं गमनं देवानां येन तद्व्योमयानं । देवरथः ।']
विमान,['मानमुपमानं गमने यस्येति वा । विगतं मानमुपमा यस्य ।']
विमान,['विशेषेणमान्ति वर्तन्ते देवा अस्मिन्निति विमानः । देवरथः । विना पक्षिणा']
नारद,['धर्मं ददाति उपदिशतीति वा नारदः ।']
नारद,['नारं नरसमूहं द्यति भिनत्ति कलहप्रियत्वान्नारदः । देवर्षिः । नारं नराणां']
सुधर्मा,['शोभनो धर्मॊ अस्यामिति सुधर्मा । देवसभा ।']
देवसभा,['सहिता भान्ति सर्वेपि अस्यामिति सभा   देवानां सभा देवसभा । इन्द्रसभा ।']
अमृत,['न मृता भवन्ति अनेन इति अमृतं ।']
सुधा,['सुखेन धियते पीयत इति सुधा । अमृतं ।']
मन्दाकिनी,['मन्दमकतिकुटिलं गच्छतीति मन्दाकिनी । आकाशगङ्गा । मन्दमकितुं शीलं अस्याः ।']
वियद्गङ्गा,['वियति गङ्गा वियद्गङ्गा । आकाशगङ्गा ।']
स्वर्णदी,['स्वः स्वर्गॆ नदी स्वर्गनदी । आकाशगङ्गा । स्वः स्वर्गस्य नदी ।']
सुरदीर्घिका,['सुराणाम् दीर्घिका सुरदीर्घिका । आकाशगङ्गा ।']
मेरु,['मीनात्यसुरानिति मेरुः । मेरुपर्वतः । मिनोति क्षिपति शिखरैर्ज्योर्तीषिति मेरुः ।']
सुमेरु,['सुष्टु मिनोति इति सुमेरुः । मेरुपर्वतः ।']
हेमाद्रि,['हेममयो अद्रिः । मेरुपर्वतः । हेम्नो।़द्रिः हेमाद्रिः ।']
रत्नसानु,['रत्नमयाः सानवो यस्य सः रत्नसानुः । मेरुपर्वतः । रत्नाति सानुषु यस्य']
रत्नसानु,['सत्नासानुः । रत्नानि सानावस्य ।']
सुरालय,['सुराणां आलयः सुरालयः । मेरुपर्वतः ।']
मन्दार,['मन्दन्ते मोदन्ते अनेन इति मन्दारः । देववृक्षः । मन्द्यते स्तूयते मन्दारः ।']
मन्दार,['मन्दा आरा धारा अस्य सरलत्वादिति वा ।']
पारिजातक,['पारमस्यास्तीति पारी  तस्मात् जातः इति पारिजातकः ।']
पारिजातक,['पारिजातो जन्यत्वेनास्यास्ति ।']
पारिजातक,['पारिणो अब्धेर्जातः ।']
पारिजातक,['पारोस्यास्तीति पारी । पारमुदकं अस्मिन्नस्तीति वा पारी समुद्रः । तस्माज्जातः पारिजातः ।']
पारिजातक,['स एव पारिजातकः । देववृक्षः ।']
सन्तान,['सन्तनोति वाञ्छितं सन्तानः । सन्तनोति विस्तारयति फापुष्पादिनि इति सन्तानः ।']
सन्तान,['सम्यक् तनोति वाञ्चितमिति सन्तानः । देववृक्षः । सम्यक् तनोति पुष्पाणि ।']
कल्पवृक्ष,['कल्पः संकल्पितो।़र्थः  तस्य वृक्षः । कल्पस्य संकल्पस्य क्षता वृक्षः ।']
कल्पवृक्ष,['कल्पयति वाञ्छितमिति कल्पः । सचासौ वृक्षश्च कल्पवृक्षः । देववृक्षः ।']
हरिचन्दन,['देववृक्षः । हरेः चन्दनः हरिचन्दनः ।']
हरिचन्दन,['हरिमिन्द्रं चन्दयति आह्लादयतीति हरिचन्दनं । एते पञ्च देवतरवः ।']
सनत्कुमार,['कुमारावस्थत्वाद्वा । ब्रह्मपुत्राः ।']
सनत्कुमार,['सनत् सनातनो ब्रह्मा तस्य कुमारः सनत्कुमारः । सनत्\u200c नित्यं']
वैधात्र,['विधातुरपत्यं वैधात्रः । ब्रह्मपुत्राः ।']
स्वर्वैद्य,['स्वः स्वर्गे वैद्यौ स्वर्वैद्यौ । स्वः स्वर्गस्य वैद्यो ।']
अश्विनीसुत,['अश्वरूपधारिण्याः सूर्यपत्न्याः संज्ञायाः सुतौ अश्विनीसुतौ । स्वर्वैद्यौ ।']
अश्विनीसुत,['अश्विन्याः सुदौ अश्विनीसुतौ ।']
नासत्य,['न विद्यते असत्यं ययोस्तौ नासत्यौ । स्वर्वैद्यौ । न असत्यौ नासत्यौ ।']
अश्विन्,['अश्विनौ   सदा अश्वारूढत्वात् । स्वर्वैद्यौ ।']
अश्विन्,['अश्विन्यां जातौ अश्विनौ । अश्विनि नक्षत्रे जातौ अश्विनौ । अश्वावनयोस्त इति वा']
स्वर्वेश्या,['स्वः स्वर्गे वेश्याः स्वर्वेश्याः । स्वः स्वर्गस्य वेश्याः ।']
ऊर्वशी,['उरु अधिकम् वष्टि प्रकाशत इति ऊर्वशी नारायणस्य ऊरौ उषिता ऊर्वशी ।']
ऊर्वशी,['उरु अश्नातीति वा ।']
ऊर्वशी,['नारायणस्य ऊर्वोर्भवत्वाद्वा । उरुन्महतो।़श्रुते व्याप्नोति वशिकरोतीति ऊर्वशी']
हाहा,['गानकाले हा इति शब्दं जहति बहिर्निस्सारयति उच्चारयतीति यावत् हाहा देवगायकाः ।']
हूहू,['गन्धर्व  गानं धर्मः येषां ते गन्धर्वाः । देवगायकाः । गन्धं सौरभमर्वति इति']
हूहू,['गन्धर्वः ।']
हूहू,['हू इति ह्वयतीति हूहूः ।']
अग्नि,['अङ्गति कुटिलं ऊर्ध्वम् वा गच्छतीति अग्निः ।']
वैश्वानर,['विश्वानरस्य ऋषेरपत्यम् वैश्वानरः । विश्वश्चासौ नरश्च विश्वनरः   स एव']
वैश्वानर,['वैश्वानरः । विश्वे नरा अस्य ।']
वह्नि,['वहति प्रापयति हव्यन्देवानिति वह्निः   अग्निः । हव्यं वहतीति वह्निः ।']
वीतिहोत्र,['इव वहनाद्वा । वीतयः अश्वा होत्रं हव्यमश्वमेधे यस्य सः । वीतिरश्वो होत्रं']
वीतिहोत्र,['वीतिः अशनं होत्रं हविः यस्य सः   वीतिहोत्रः । होत्रस्य हविषोवीतिरश्व']
वीतिहोत्र,['हवनमस्येति वा ।']
धनञ्जय,['धनं जयतीति धनञ्जयः   अग्निः । धन शब्दस्य निष्पत्तिः   वैश्यवर्गे 90 तम']
धनञ्जय,['श्लोके भवति ।']
कृपीटयोनि,['कृपीटमुदकं योनिः कारणं यस्य सः कृपीटयोनिः । कृपीटस्याम्भसो योनिः ।']
कृपीटयोनि,['कृपीटयोनिः कृपीटं योनिः अस्येति वा ।']
ज्वलन,['ज्वलतीति ज्वलनः । ज्वलदीप्तौ । अग्निः ।']
जातवेदस्,['इति जातवेदाः जातं शुभाशुभं वेलीति जातवेदाः । वेदो हिरण्ममस्माज्जात इति वा']
जातवेदस्,['जातं वेत्ति वेदयते वा ।']
जातवेदस्,['जाताः वेदाः यस्मात्सः जातवेदाः । जातर्वदाः । अग्निः । जाते जाते विद्यत']
तनूनपात्,['तनूं स्वं स्वरूपं न पाति न रक्षति आशुतिनाशित्वात् इति । तन्वा ऊनं कृशं पातीती']
तनूनपात्,['तनूम् न पातयति धारयतीति तनूनपात् । इन्धनं विना स्वतनूं न पातीति वा ।']
तनूनपात्,['वा तदूनपं घृतादि तदति इति तनूनपात् ।']
बर्हिस्,['बृंहति वर्धते आज्यादिना इति बर्हिः । अग्निः ।']
शुष्मन्,['शोषयतीति शुष्मा । अग्निः । शुष्यत्यनेनेति शुष्मा ।']
कृष्णवर्त्मन्,['कृष्णं वर्त्ममार्गो यस्य सः कृष्णवर्त्मा । अग्निः ।']
शोचिष्केश,['केश शब्दस्य   मनुष्यवर्गे श्लो   95']
शोचिष्केश,['केशा इवास्य ।']
शोचिष्केश,['शोचिस् शब्दस्य व्यपत्तिः   कालवर्गे   श्लो. 34.']
शोचिष्केश,['शोचींषि ज्वालाः केशाः यस्य सः शोचिष्केशः । अग्निः । शोचींषि ज्वालाः']
उषर्बुध,[' उषस् शब्दं   कालवर्गे । श्लो.   2']
उषर्बुध,['उषसी प्रभाते बुध्यते ज्वलतीत्युषर्बुधः । अग्निः ।']
आश्रयाश,[' आश्रयशब्दः   क्षत्रवर्गे   18']
आश्रयाश,['आश्रयम् अश्नातीत्याश्रयाशः । अग्निः । आश्रयमाधारं अस्नाति ।']
बृहद्भानु,['बृहन्तः भानवो यस्य सः बृहद्भानुः । अग्निः । बृहन्तो भानवो।़स्येति वा ।']
कृशानु,['कृश्यति तनूः स्वमान्द्यात् तनूः ।']
कृशानु,['कृश्यति तनूकरोति स्वसम्बद्धमिति कृशानुः । अग्निः कृशोप्यनति वर्धते कृशानुः ।']
पावक,['पुनातीति पावकः । अग्निः ।']
अनल,['अनन्ति जीवन्त्यनेन लोका इत्यनलः । अग्निः । अनिति वर्धते अनेन इति अनलः ।']
रोहिताश्व,['रोहितवर्णः अश्वः यस्य सः रोहिताश्वः । रोहितो मृगः स एव अश्वो यस्य सः ।']
रोहिताश्व,['रोहितो मृगो।़श्वो वाहनमस्येति वा ।']
वायुसख,['वायु   स्वर्गवर्गे   61']
वायुसख,['वायोः सखा वायुसखः । वायुः सखा यस्येति वा वायुसखा ।']
वायुसख,['सखा   क्षत्रवर्गे   12']
शिखावत्,['शिखा ज्वाला अस्य सन्तीति शिखावान्\u200c । अग्निः ।']
आशुशुक्षणि,['आशुशुक्षणिः । अशोष्टुमिच्छतीति । आशु शीघ्रं आशुं व्रीहिं वा शु क्षणेति ।']
आशुशुक्षणि,['आसमन्ताच्छोषयितुम् इच्छतीत्याशुशुक्षणिः । आशु शोषयितुमिच्छतीति']
हिरण्यरेतस्,['हिरण्यम् रेतो यस्य सः हिरण्यरेतः । अग्निः ।']
दहन,['दहतीति दहनः । अग्निः ।']
हव्यवाहन,['हव्यं वहतीति हव्यवाहनः । अग्निः ।']
सप्तार्चिष्,['जिह्वारूपाः ज्वालाः यस्य सः सप्तार्चिः । अग्निः ।']
सप्तार्चिष्,['सप्त अर्चींषि काली कराली मनोजवा सुहिता धूम्रवर्णा स्फुलिंगिनी विश्वपदादिनाम्न्यः']
शुक्र,['शुक्रम् रुद्ररेतोस्मिन्निति वा । शोचयति शत्रूनिति वा ।']
शुक्र,['शोचयतीति शुक्रः । शुचं रातीति वा शुक्रः ।']
शुक्र,['`शुचं दुःखं  देवेभ्यो रातीति वा शुक्रः ।']
शुक्र,['शुक्रात् रुद्रद्वारा आगता इति वा शुक्रः ।']
शुक्र,['शुक्लवर्णत्वात् शुक्रः ।']
चित्रभानु,['चित्राः भानवो यस्य सः चित्रभानुः । अग्निः ।']
चित्रभानु,['चित्राः भानवः यस्य सः चित्रभानुः ।']
विभावसु,['विभा प्रभावसु धनं यस्य सः विभावसुः । अग्निः ।']
विभावसु,['विभा प्रभैव वसु द्रव्यमस्येति विभावसुः ।']
शुचि,['शोचयतीति शुचिः । अग्निः । शुचित्वाद्वा शुचिः । शुचिं पवित्रं करोति शुचयति ।']
और्व,['उर्वस्य ऋषेरपत्यं और्वः । बडवाग्निः । उर्वतीत्यौर्वः उर्वी तुर्वी धुर्वी  दुर्वी  हिंसायां ।']
और्व,['तस्यापत्यं और्वः और्वात् भृणुवंशीयाद् ऋषेर्जातः इति और्वः ।  हलायुधे']
ज्वाल,['ज्वालतीति ज्वालः । भाग्निज्वाला । ज्वलतीति ज्वालः ।']
कील,['कीलति पक्ष्यादिगतिं निरुणद्धीति कीलः । अग्निज्वाला ।']
हेति,['हिनोति इतस्ततो गच्छति वर्धते वा हेतिः । अग्निज्वाला । हन्यते अनयेति']
हेति,['हेतिः । हनोति हन्ति इति हेतिः ।']
शिखा,['शाखते व्याप्नोतीति शिखा । शाखृव्याप्तौ । अग्निज्वाला । शाखति वह्नौ इति शिका ।']
स्फुलिङ्ग,['स्फुना फूत्कोत्या लिङ्गति ।']
स्फुलिङ्ग,['स्फूकारेण लिङ्गति गच्छतीति स्फुलिङ्गः । अग्निकणः । स्फुलतीति स्फुलिङ्गः ।']
अग्निकण,['अग्नेः कणः अग्निकणः ।']
सन्ताप,['सम्यक् तापयतीति सन्तापः । तपसन्तापे ।']
संज्वर,['सम्यक् ज्वरयतीति संज्वरः । सन्तापः ।']
उल्का,['अज्वाला साग्निरुल्का । सन्तापः ।']
पितृपति,['पितृणां कव्यवाह्नादीनाम् पतिः पितृपतिः । यमः ।']
समवर्तिन्,['समम् वर्तितुम् शीलमस्येति समवर्ती । यमः ।']
परेतराज्,['परेताः मृताः तेषां राट् परेतराट् । यमः । परेतेषु राजते इति परेतराट् ।']
कृतान्त,['कृतः अन्तो विनाशो येन सः कृतान्तः । यमः ।']
यमुनाभ्रातृ,['यमुना नद्याः भ्राता यमुनाभ्राता । यमः ।']
शमन,['शमयति प्राणिन इति शमनः । यमः ।']
यमराज,['यमनात् यमाः प्रजा संयमोद्यमाः मृत्युप्रभृतयोस्य किंकराः  तेषु राजत इति']
यमराज,['यमराट् यमः । यमेन राजते यमराट् यमेन संयमेन राजते ।']
यम,['यच्छतीति यमः ।']
यम,['यमयतीति यमः । यमुनया सह यमलत्वेन जातत्वाद्यमः । यमः । यमयति नियतिं']
काल,['कलयति धर्माधर्माणामायुषो वा संख्यानं करोतीति कालः । यमः ।']
काल,['कलति प्रेरयति वा इति कालः ।']
काल,['कल्यते संख्यायते अनेनेति कालः ।']
दण्डधर,['कालदण्डाख्यस्य दण्डस्य धरः दण्डधरः । यमः । दण्डं धरति धारयतीति दण्डधरः ।']
श्राद्धदेव,['श्राद्धस्यदेवः श्राद्धदेवः । यमः ।']
वैवस्वत,['विवस्वतः सूर्यस्य अपत्यं वैवस्वतः । यमः ।']
अन्तक,['अन्तं नाशं करोतीति अन्तकः । यमः ।']
राक्षस,['रक्षएव राक्षसः रक्षति अस्मादिति राक्षसः ।']
कौणप,['कुणपः शवः तद्भक्षणात् कौणपः । राक्षसः । कुशपं शवं भक्षयितुं शीलमस्य इति']
कौणप,['कौणपः । कुणपं शवं अतीति कौणपः ।']
क्रव्याद्,['क्रव्यं मांसमत्तीति क्रव्यात् । राक्षसः ।']
क्रव्याद,['कृतं पक्वं च भुङ्क्ते इति क्रव्यादः ।']
क्रव्याद,['क्रव्यं मांसं अत्तीति क्रव्यादः । राक्षसः । कृत्तं छिन्नं तदेव पुनर्विंशिषतः']
अस्रप,['अस्रं रक्तं पिबन्तीति अस्रपः ।']
आशर,['अशृणोति हिनस्तीत्याशरः । राक्षसः । आश्रृणातीति आशरः ।']
रात्रिंचर,['रात्रौ चरतीति रात्रिंचरः राक्षसः ।']
रात्रिचर,['रात्रौ चरतीति रात्रिचरः राक्षसः ।']
कर्बुर,['कर्बुरवर्णत्वात् कर्बुरः । राक्षसः । कृणाति हिनस्तीति कर्बुरः ।']
निकषात्मज,['निकषति हिनस्तीति निकषा   राक्षसमाता   तस्याः अत्मजः निकषात्मजः । राक्षसः ।']
निकषात्मज,['निकषा नाम राक्षसमाता  तस्याः आत्मजः ।']
निकषात्मज,['निकषायाः आत्मजः निकषात्मजः ।']
यातुधान,['धीयन्त अस्मिन्निति यातुधानः । यातुना ध्रियते अत्रेति वा । यातूनि रक्षांसि दधाति']
यातुधान,['पुष्णाति   स्वजातिपोषकत्वात् ।']
यातुधान,['यातु इति नामाधीयते अस्मिन्निति यातुधानः राक्षसः । यतूनि यातनाः तीव्रवेदना']
पुण्यजन,['विरुद्धलक्षणया पुण्यवान् जनः पुण्यजनः । राक्षसः ।']
यातु,['यातयति व्यथयतीति यातु । राक्षसः । याति रक्षांसि यातु ।']
प्रचेतस्,['प्रकृष्टं चेतः यस्य सः प्रचेताः । वरुणः । प्रचेतयतीति प्रचेतस् ।']
वरुण,['वृणोति वरानमुं लोकइति वरुणः । वृणोति अरीन्\u200c पाशैरिति वा वरुणः । व्रियते']
वरुण,['वृणोति वा ।']
पाशिन्,['पाशोस्यास्तीति पाशी । वरुणः ।']
अप्पति,['अपां पतिः अप्पतिः । वरुणः ।']
श्वसन,['श्वसन्त्यनेन प्राणिन इति श्वसनः । बाह्यवायु । श्वसित्यनेन श्वसनः ।']
स्पर्शन,['स्पृशतीति स्पर्शनः । बाह्यवायु ।']
वायु,['वातीति वायुः । बाह्यवायु ।']
मातरिश्वन्,['मातरि आकाशे श्वयति वर्धत इति मातरिश्वा । बाह्यवायु । मादतरि अन्तरिक्षे']
मातरिश्वन्,['श्वयति संचरति इति मातरिश्वा ।']
सदागति,['सदागतिः गमनं यस्य सः सदागतिः । बाह्यवायु ।']
पृषदश्व,['अस्येति वा । पृषतां अश्वः पृषतां बिन्दूनां अश्व इति वा । पृषतां अम्बुकणानां अश्व']
पृषदश्व,['इवेति वा ।']
पृषदश्व,['पृशत् मृगविशेषः अश्वः वाहनं यस्य सः पृषदश्वः । पृषन्ति जलबिन्दवः अश्वः']
गन्धवह,['गन्धस्य वहो गन्धवहः । बाह्यवायु ।']
गन्धवाह,['गन्धं वहतीति गन्धवाहः । बाह्यवायु ।']
आशुग,['आशुगच्छतीति आशुगः । बाह्यवायुः ।']
समीर,['गच्छति  ईरयति प्रेरयति वा समीरः ।']
समीर,['सम्यक् ईरति गच्छतीति समीरः   बाह्यवायु । समीरतीति समीरः । सम्यक् ईर्ते']
मारुत,['मरुदेवमारुतः । बाह्यवायु ।']
मरुत्,['कुपितेन अनेन म्रियते लोक इति मरुत् । बाह्यवायु । म्रियन्ते अनेन वृद्धेन विना वा ।']
जगत्प्राण,['जगतांप्राणः जगत्प्राणः । बाह्यवायुः ।']
समीरण,['सम्यक्\u200c ईरितुं गन्तुं शीलमस्य समीरणः । सम्यक् ईरयति इति समीरणः ।']
नभस्वत्,['नभः कारणत्वात् नभोस्यास्तीति नभस्वान्\u200c । बाह्यवायु ।']
वात,['वातीति वातः । बाह्यवायु ।']
पवन,['पुनातीतिपवनः पवनः । पवतीति पवनः बाह्यवायुः । पवत इति पवन  ।']
पवमान,['पुनातीति पवमानः । पूञ्पवने । पवतीति पवमानः । बाह्यवायु ।']
प्रभञ्जन,['इति प्रभञ्जनः ।']
प्रभञ्जन,['प्रभञ्जति वृक्षशाखादिकमिति प्रभञ्जनः   बाह्यवायु । प्रकृष्टं भनक्ति']
प्राण,['प्रकर्षेण अनन्त्यनेनेति प्राणः । देहस्थपञ्चवायुः । प्रकर्षेण बहिरानयतीति']
प्राण,['श्वासादीनि वा प्राणः ।']
अपान,['अधोविण्मूत्रादि त्याजनादनन्त्यनेनेत्यपानः । अपानः ष देहस्थपञ्चवायुः']
अपान,['अपानयति इति अपानः ।']
समान,['सम्यक् अनन्त्यनेन समानः । देहस्थपञ्चवायुः । सर्वत्र असृगादिनयतीति वा समानः ।']
समान,['सर्वत्र आनयतीति समानः । समानयतीति समानः ।']
उदान,['उत् ऊर्ध्वमानयति शब्ददीनिति वा उदानः ।']
उदान,['भाषणादि सामर्थ्यजनात् ऊर्ध्वमनन्ति अनेनेत्युदानः । उत् ऊर्ध्वमानयति शब्दादीनिति वा उदानः । देहस्थपञ्चवायुः ।']
व्यान,['विशेषमनन्ति अनेनेति व्यानः । देहस्थपञ्चवायुः । विनयतीति व्यानः ।']
व्यान,['व्यानयतीति वा ।']
रंहस्,['रंहत्यनेन रंहः । गतिवेगः । रमते।़नेन इति रंहस् । रंहति सततं रंहः ।']
तरस्,['तरत्यनेन तरः । गतिवेगः ।']
स्यद,['स्यन्दते अनेनेति स्यदः । गतिवेगः ।']
जव,['जवत्यनेनेति जव   वायुधर्मत्वात् तदनन्तरनिरूपणं । गतिवेगः ।']
शीघ्र,['शिः शयनं जिघति हरतीति शीघ्रं शिङ्घति व्याप्नोतीति शीघ्र ।']
त्वरित,['त्वरन्त्यनेनेति त्वरितं । शीघ्रं ।']
लघु,['लङ्घ्यते अनेनेति लघु । शीघ्रं ।']
क्षिप्र,['क्षिप्यन्ते अनेनेति क्षिप्रं । शीघ्रं ।']
अर,['इयर्त्यनेनेत्यरं । शीघ्रं । ऋच्छति इयर्ति वा ।']
द्रुत,['द्रवन्त्यनेनेति द्रुतं । शीघ्रं ।']
सत्वर,['त्वरया सह वर्तत इति सत्वरम् । शीघ्रं ।']
चपल,['चोपत्थनेनेति चपलं । शीघ्रं ।']
तूर्ण,['त्वरत्यनेनेति तूर्णं । तुरतेनेनेति तूर्ण ।']
आशु,['अश्नुते अनेनेत्याशु । शीघ्रं ।']
सतत,['संतन्यते अनेनेति सततं । सततक्रिया ।']
अनारत,['न विद्यते आरतम् विरामो यस्मिन्\u200c तदनारतं । सततक्रिया ।']
अश्रान्त,['न विद्यते श्रान्तिः यस्मिन् तदश्रान्तम् । सततक्रिया ।']
अनिश,['नास्ति निशा विच्छेदकालः यस्मिन् तदनिशम् । सततक्रिया ।']
नित्य,['नियतं भवतीति नित्यम् । सततक्रिया । नियमेन भवनम् ।']
अनवरत,['न विद्यते अवरतं विरामो यस्मिन् तदनवरतं । सततक्रिया । नास्ति अवरतं यस्य ।']
अजस्र,['न जस्यते विच्छिद्यत इत्यजस्रं । सततक्रिया ।']
अतिशय,['अतिशेते अनेनेति अतिशयः ।']
भर,['बिभर्तीति भरः । अतिशयः ।']
अतिवेल,['वेला मर्यादा तामतिक्रान्तम् अतिवेलं । अतिशयः ।']
भृश,['बिभर्तीति भृशं । अतिशयः ।']
अत्यर्थ,['अर्थं विषयम् अतिक्रान्तम् अत्यर्थं । अतिशयः । अर्थो निवृत्तिर्विषयो']
अत्यर्थ,['वा  तमतिक्रान्तं अत्यर्थम् ।']
अतिमात्र,['मात्रं स्तोकम् अतिक्रान्तम् अतिमात्रं । अतिशयः ।']
उद्गाढ,['उद्गाहते प्रादुर्भवतीति उद्गाढं । अतिशयः ।']
निर्भर,['निश्शेषो भरो यस्मिन्\u200c तत्\u200c निर्भरं । अतिशयः ।']
तीव्र,['तीवतीति तीव्रं । अतिशयः ।']
एकान्त,['एकः अन्तः निश्चयो यत्र तदेकान्तं । अतिशयः ।']
नितान्त,['नितरां ताम्यतीति नितान्तम् । अतिशयः ।']
गाढ,['गाहते गाढं । अतिशयः ।']
बाढ,['बाह्यते इति बाढं । अतिशयः ।']
दृढ,['दृहतीति दृढं ।']
कुबेर,['कुत्सितं बेरं शरीरं यस्य सः कुबेरः ।']
यक्षराज्,['यक्षेषु राजते यक्षराट् । कुबेरः ।']
गुह्यकेश्वर,['गुह्यका निधिगोपकाः   तेषामीश्वरः गुह्यकेश्वरः । कुबेरः ।']
मनुष्यधर्मन्,['मनुष्याणां धर्म इव धर्मो आचारो यस्य सः   मनुष्यधर्मा । कुबेरः ।']
धनद,['धनं ददातीति धनदः । कुबेरः । धनं दयते रक्षतीति वा धनदः ।']
राजराज,['राज्ञाम्  यक्षाणाम्  राजा राजराजः यक्षराजः । कुबेरः ।']
धनाधिप,['धनस्य अधिपः धनाधिपः । कुबेरः ।']
किन्नरेश,['किन्नराणामीशः किन्नरेशः । कुबेरः ।']
वैश्रवण,['विशेषेण शृणोतीति विश्रवाः तस्यापत्यं वैश्रवणः । कुबेरः ।']
पौलस्त्य,['पुलस्त्यस्य गोत्रापत्यं पौलस्त्यः । कुबेरः ।']
नरवाहन,['नरो वाहनं यस्य सः नरवाहनः । कुबेरः ।']
एकपिङ्ग,['इति एकपिङ्गः ।']
एकपिङ्ग,['एकं चक्षुः गौरी शापात्\u200c पिङ्गळवर्णं जातं   तद्यस्य स एकपिङ्गः । कुबेरः ।']
एकपिङ्ग,['सासूयं गौरीनिरीक्षणे वामे चक्षुसि रुद्रानुनयात्पिङ्गतामगात्   अत एकं पिङ्गं अस्य']
श्रीद,['श्रियं ददातीति श्रीदः । कुबेरः ।']
पुण्यजनेश्वर,['पुण्यजनाः यक्षावा राक्षसा वा   तेषामीश्वरः पुण्यजनेश्वरः । कुबेरः ।']
चैत्ररथ,['चित्ररथो नामगन्धर्वराजः   तेननिर्मितं चैत्ररथं । कुबेरोद्यानम् ।']
नलकूबर,['नलकूः लक्ष्मीः । तया प्रियते   अभिलष्यते वा नलकूबरः । नलः कुवरो युगंधरो यस्य ।']
नलकूबर,['नलस्येव कूबरो रथावयवो यस्य सः नलकूबरः । नले कमले कूयते कीर्त्यत इति']
कैलास,['के शिरसि शिवयोर्लासो नृत्यमस्मिन्ति कैलासः । केलयोः जलभूम्योः आसनं']
कैलास,['केलीनां समूहः कैलं  तेन अस्यते स्थीयत इति कैलसः । कुबेरस्थानम् ।']
कैलास,['कैलासः ।']
कैलास,['स्थितिर्यस्य केलासः  स्फटिकं तस्याथं के जले लासो लसनमस्य इति केलासः तस्यायं']
अलका,['अलयति भूषयति स्वस्थानमित्यलका कुबेरपट्टणम् ।']
पुष्पक,['पुष्पमिव पुष्पकं । कुबेरविमानम् । पुष्यतीति पुष्पकम् ।']
तुरङ्गवदन,['तुरङ्गस्येव वदनं यस्य सः तुरङ्गवदनः । किन्नरः ।']
मयु,['मयते विनिमयत इतिमयुः । किन्नरः । मिनोतीति मयुः ।']
निधि,['नितरां धीयते अस्मिन्निति निधिः । निधिसामान्यम् ।']
शेवधि,['मोहे वावधिः ।']
शेवधि,['शेवं स्थाप्य धनं धीयन्ते अस्मिन्निति शेवधिः । निधिसामान्यम् । शे कल्याणे']
पद्म,['पद्यत इति पद्मः निधिविशेषः । पद्मा लक्ष्मीः अस्मिन्नस्तीति पद्मः ।']
शंख,['दुःखं शमयतीति शंखः । निधिविशेषः ।']
महापद्म,['महांश्चासौ पद्मश्च महापद्मः । निधिविशेषः ।']
मकर,['मकर इव ग्रहीतुमशक्यत्वान्मकरः । निधिविशेषः ।']
कच्छप,['कच्छः कर्परेण पति इतराङ्रानि इति कच्छप । तद्वत् स्थित्वात् कच्छपः ।']
कच्छप,['कूर्मवत् स्थितत्वात्कच्छपः । निधिविशेषः । कं जलं छयति परिच्छिनत्ति इति']
मुकुन्द,['कमनीयत्वात् मुकुन्दः । निधिविशेषः । मुकुं मोक्षं ददातीति मुकुन्द ।']
कुन्द,['कमनीयत्वात् कुन्दः । निधिविशेषः । कुम परभक्तिपरज्ञानादिभुवं ददातीति कुन्दः ।']
नील,['डलयोरभेदात् नितरां ईल्यति इति नीलः ।']
नील,['नितरां ईड्यते नीलः   निधिविशेषः ।']
नील,['नीलत्वात् नीलः ।']
वर,['श्रियत इति वरः । निधिविशेषः ।']
चर्चा,['चर्च्यत इति चर्चा   निधिविशेषः ।']
व्योमन्,['विश्वं व्ययति संवृणोतीति व्योम ।']
पुष्कर,['पुष्करमुदकं रातीति पुष्करम् ।']
पुष्कर,['पुष्णातीति पुष्करम् ।']
पुष्कर,['पुष्यति अवकाशमिति पुष्करम् ।']
गगन,['गं गानं शब्दात्मकं गुणं गच्छति इति गगनम्  ह.को']
गगन,['गच्छन्त्यत्र खगा इत गगनम् ।']
गगन,['गच्छन्त्यनेन देवा इति गगनम् ।']
अनन्त,['न विद्यते अन्तो यस्य तत् अनन्तम् ।']
अनन्त,['नास्ति अन्तः सीमा विनाशो वा यस्य सः  ह.को  ।']
ख,['खनति ज्ञानमिति खम् ।']
ख,['खर्वति मनो।़स्मिन् इति खम् ।']
वियत्,['वियच्छति न विरमतीति वियत् ।']
वियत्,['वियच्छति नोपरमत इति वियत् ।']
आकाश,['आसमन्तात् काशन्ते सूर्यादयो।़त्रत् इत्याकाशम् ।']
विहायस्,['विजहाति भुवमिति विहायः ।']
विहायस्,['विशेषेण हयति गच्छति सर्वमस्मिन्निति ।']
दिश्,['दिशन्त्यवकाशमिति दिशः ।']
ककुभ्,['कं उदकं वायुं वा स्कुभ्नन्ति विस्तारयति इति ।']
ककुभ्,['ककते इति ककुभः ।']
ककुभ्,['केनसूर्येण स्कुभ्नन्ति द्योतन्त इति ककुभः ।']
काष्ठा,['काशन्ते प्रकाशन्त इति काष्ठाः ।']
आशा,['आ समन्ताद् अश्नुते व्याप्नोतीति आशा ।']
हरित्,['हरन्तयनया अप्रतीतमिति हरित् ।']
हरित्,['हरन्ति तमांसि इति हरितः ।']
प्राची,['प्राक्\u200c प्रथमं अञ्चत्यस्यां रविरिति प्राची । दिशः ।']
अवाची,['अवागञ्चति दक्षिणायनेनास्यां रविरित्यवाची ।']
प्रतीची,['प्रतिपश्चाद्दिवसावसाने अस्यां अञ्चति सूर्यो अस्तमेतीति ।']
उदीची,['उत्\u200c ऊर्ध्वमञ्चत्यस्यामुत्तरायणेन रविरित्युदीची ।']
पूर्व,['पूर्वत्वात् पूर्वा ।']
दक्षिण,['दक्षिण दिक् । दक्षते वर्धते इति दक्षिणा ।']
पश्चिम,['पश्चाद्भवा पश्चिमा ।']
उत्तरा,['उत्तरतिमेर्वादिभ्य इत्युत्तरा ।']
अवाचीन,['अवाक् दक्षिणस्याम् भवं अवाचीनम् ।']
प्रतीचीन,['प्रत्यक् प्रतीच्यां भवं प्रतीचीनं । दिशः ।']
प्राचीन,['प्राक्\u200c प्राच्यां भवं प्राचीनं ।']
पुण्डरीक,['पुण्डरीक वर्णत्वात् पुण्डरीकः ।']
वामन,['वामं वल्गु शरीरं अस्यास्तीति वा वामनः ।']
वामन,['वामनत्वाद्वामनः ।']
वामन,['वामयति वमति वा मदमिति वामनः ।']
वामन,['वामयतीति इति वामनः ।']
वामन,['वायुमात्मानं मन्यते इति वामनः ।']
कुमुद,['कुं पृथ्वीं मोदयतीति कुमुदः ।']
कुमुद,['कुत्सिते निऋति कोणे मोदते इति कुमुदः ।']
कुमुद,['कुमुद वर्णत्वात् कुमुदः ।']
अञ्जन,['अञ्जनाभत्वात् अञ्जनः ।']
अञ्जन,['अनक्ति गच्छति प्रकाशते वा अञ्जनः ।']
अञ्जन,['अनक्ति प्रतीच्यां दिशि रक्षकत्वेन प्रकाशते यः ।']
पुष्पदन्त,['पुष्पमिव शुक्लो दन्तो।़स्य ।']
पुष्पदन्त,['पुष्पवत् प्रकाशमानौ दन्तौ यस्य सः']
सार्वभौम,['सर्वभूमौ विदितः सार्वभौमः ।']
सुप्रतीक,['शोभनाः प्रतीका अवयवा यस्य सः सुप्रतीकः ।']
अभ्रमु,['न भ्रमति स्वं वल्लभं हित्वा कुत्रचिन्नगच्छतीति अभ्रमुः ।']
अभ्रमु,['न भ्रमति स्वं वल्लभं हित्वा कुत्रचिन्नगच्छतीत्यभ्रमु ।']
कपिला,['कपिलवर्णत्वात्कपिला । काम्यत इति वा कपिला ।']
पिङ्गला,['दक्षिणदिग्गजा तथा वामनस्य पत्नी ।']
अनुपमा,['नैऋत्यकोणस्य दिग्गजा तथा कुमुदस्य पत्नी  न विद्यते उपमा यस्याः सा अनुपमा ।']
शुभ्रदन्ती,['शोभनौ दन्तौ यस्याः सा शुभ्रदन्ती ।']
अङ्गना,['कल्याणान्यङ्गानि अस्याः ।']
अङ्गना,['प्रशस्तानि अङ्गानि अस्याः ।']
अङ्गना,['शोभनान्यङ्गानि यस्याः सा अङ्गना । अष्टदिग्गजानां भार्या ।']
अञ्जनावती,['अञ्जनगिरि सदृशत्वादञ्जनवर्णत्वाद्वा']
अञ्जनावती,['अञ्जनाकारो वर्णो अस्यास्तीति अञ्जनावती ।']
अपदिश,['दिशयोर्मध्ये अपदिशम् ।']
अपदिश,['दिशोरिदम् अपदिशम् ।']
अपदिश,['दिशोर्मध्यं अपदिशम् ।']
अभ्यन्तर,['अन्तरमवकाशमभिगतं अभ्यन्तरं ।']
अभ्यन्तर,['अभ्यन्तर्यन्ते बध्यन्ते अश्वादयः अत्रेति अभ्यन्तरम् ।']
अन्तराल,['अन्तरमवकाशं लातीत्यन्तराळं ।']
मण्डल,['भण्डं भूषां लाति इति मण्डलम् ।']
मण्डल,['मण्\u200dडयत्पलंकरोतीति मण्डलम् ।']
मण्डल,['मण्डयति भूषयति मण्डलं ।']
मण्डल,['मण्डयतीति मण्डलम् ।']
अभ्र,['अपो विभर्तोत्यभ्रम् ।']
अभ्र,['अभ्रति गच्छतीत्यभ्रम् ।']
अभ्र,['आपोरीतीत्यभ्रम् ।']
अभ्र,['न भ्रश्चन्त्यापो अस्मादित्यभ्रम् ।']
मेघ,['मेहतीति मेघः ।']
वारिवाह,['वारिवहतीति वारिवाहः']
स्तनयित्नु,['स्तनयतीति स्तनयित्नुः ।']
बलाहक,['बलं नजहातीति बलाहकः ।']
बलाहक,['बलेन हीयते इति बलाहकः ।']
धाराधर,['जलधाराणां धरः धाराधरः ।']
जलधर,['जलस्यधरः जलधरः । मेघः ।']
वारिद,['वारि ददातीति वारिदः ।']
जीमूत,['जीवनं उदकं मूयते बध्यते अत्रेति जीमूतः ।']
जीमूत,['जीवनं जलं मूत्रयति स्रावयति इति जीमूतः ।']
मुदिर,['मोदन्ते अनेन कृषीवला इति मुदिरः ।']
जलमुच्,['जलं मुञ्चतीति जलमुक् ।']
धूमयोनि,['धूमः योनिः कारणं यस्य स धूमयोनिः । मेघः ।']
मेघमाला,['मेघानां माला मेघमाला । मेघपङ्क्ति ।']
अभ्रिय,['अभ्रे भवं अभ्रियं']
स्तनित,['स्तनतीति स्तनितं']
गर्जित,['गर्जतीति गर्जितम् ।']
गर्जित,['गर्जयतीति गजितम् ।']
मेघनिर्घोष,['मेघानां निर्घोषः मेघनिर्घोषः ।']
रसित,['रसति शब्दायते इति रसितं ।']
ऐरावती,['इरा जलानि विद्यन्ते।़स्मिन् इरावान् तस्येयम् इति ऐरावती ।']
ऐरावती,['इरावति मेघेभवा ऐरावती ।']
क्षणप्रभा,['क्षणं प्रभा यस्याः सा क्षणप्रभा । विद्युत् ।']
विद्युत्,['विशेषण द्योतत इति विद्युत् ।']
चञ्चला,['चञ्चं गति लाति इति चञ्चला ।']
चञ्चला,['चञ्चतीति चञ्चला ।']
चपला,['चोपति मन्दं मन्दं गच्छति इति चपला ।']
चपला,['चोपतीति चपला ।']
स्फूर्जथु,['स्फूर्जतु इति स्फूर्जथुः ।']
वज्रनिर्घोष,['वज्रस्य निर्घोषः   वज्रनिर्घोषः ।']
मेघज्योति,['मेघस्य ज्योतिः   मेघज्योतिः ।']
इन्द्रायुध,['इन्द्रस्य आयुधं इन्द्रायुधं । इन्द्रधनुष् ।']
रोहित,['रोहतीति रोहितं ।']
रोहित,['रोहितवर्णत्वाद् रोहितम् ।']
वृष्टि,['वर्षतीति वृष्टिः ।']
वर्ष,['वर्षतीति वर्षम् ।']
वग्रह,['तद्विघाते वृष्टिविघाते वग्रहावग्रह शब्दौ वर्तेते ।']
अवग्रह,['अवगृह्णाति प्रतिबध्नाति वर्षमिति अवग्रहः ।']
धारासंपात,['धाराणां संभूय पतनं धारासंपातः ।']
धारासंपात,['धाराणां सम्यक् पातो धारसंप्ताः ।']
धारासंपात,['धारायाः संपातः धारासंपातः ।']
असार,['आसमन्तात् सरतीत्यासारः ।']
शीकर,['शीकते सिञ्चतीति शीकरः ।']
सृत,['सृत इति पाठान्तरे']
वर्षोपल,['वर्षस्य उपलः वर्षोपलः ।']
करक,['किरति विक्षिपति जलम् अस्मात् इति ।']
करक,['कीर्यते वायुना भुवीति करकः ।']
करक,['कृणोति हिनस्ति सस्यमिति करकः ।']
दुर्दिन,['मेघान्तकरितं दिनम् । दुष्टं दिनं दुर्दिनं ।']
अन्तर्धा,['अन्तर्धीयते अनया इति अन्तर्धा ।']
अन्तर्धि,['अन्तः धीयते अनया इति अन्तर्धिः ।']
अपवारण,['अपवार्यते अनेन इत्यपवारणं ।']
अपिधान,['अपिदधातीत्यपिधानं ।']
तिरोधान,['तिरोदधातीति तिरोधानं ।']
पिधान,['अपिदधातीति पिधानम् ।']
पिधान,['पिदधातीति पिधानं ।']
छादन,['छादयतीति छादनं ।']
हिमांशु,['हिमाः शीताः अंशवो यस्य सः हिमांशु ।']
चन्द्र,['चन्दति दीप्यति इति चन्द्रः ।']
चन्द्र,['चन्दयतीति चन्द्रः ।']
इन्दु,['उनक्ति तुषार किरणैरिति इन्दुः ।']
इन्दु,['उनत्ति अमृतवारया भुवं क्लिन्नां करोति इति ।']
कुमुदबान्धव,['कुमुदानां बान्धवः कुमुदबान्धवः ।']
शुभ्रांशु,['शुभ्राः अंशवो यस्य सः शुभ्रांशुः ।']
निशापति,['निशायाः पतिः निशापतिः ।']
जैवातृक,['ओषधीः जीवयतीति जैवातृकः ।']
सोम,['सूयते इति वा सोमः ।']
ग्लौ,['प्रतिमासं ग्लायति क्षयतीति ग्लौः ।']
मृगाङ्क,['मृगः अङ्को यस्य सः मृगाङ्कः ।']
द्विजराज,['द्विजानां राजा द्विजराजः ।']
शशधर,['शशस्य धरः   शशधरः ।']
नक्षत्रेश,['नक्षत्राणां ईशः नक्षत्रेशः ।']
क्षपाकर,['क्षपां करोतीति क्षपाकरः ।']
कला,['कलयति वृद्धितो धनं संगृह्नाति इति कला ।']
कला,['कल्यते संख्यायते इति कला ।']
बिम्ब,['बिम्बति विस्तारं प्राप्नोतीति बिम्बः ।']
भित्त,['भिद्यते इति भित्तं ।']
शकल,['शक्यते भेत्तुमिति शकलं ।']
खण्ड,['खण्ड्यत इति खण्डं ।']
अर्ध,['अर्धती भेदं गच्छतीत्यर्धः ।']
चन्द्रिका,['चन्द्रो अस्त्यस्यामिति चन्द्रिका ।']
कौमुदी,['कुमुदस्य इयं कौमुदी ।']
ज्योत्स्ना,['ज्योतिरस्यामस्तीति ज्योत्स्ना ।']
प्रसाद,['प्रसीदतीति प्रसादः ।']
प्रसन्नता,['प्रसन्नस्य भावः प्रसन्नता ।']
कलङ्क,['कं ब्राह्मणं लङ्कयति हीनतां गमयति  जापयति वा इति ।']
कलङ्क,['कल्यते जायते अनेनेति कलङ्कः ।']
अङ्क,['अङ्क्यते अनेनेत्यङ्कः ।']
लाञ्छन,['लाञ्छ्यते लक्ष्यते अनेनेति लाञ्छनं ।']
चिह्न,['चहतीति चिह्नं ।']
लक्ष्म,['लक्ष्यते अनेनेति लक्ष्म ।']
लक्षण,['लक्षते ज्ञायते अनेनेति लक्षणम् ।']
लक्षण,['लक्ष्यते अनेनेति लक्षणं ।']
शोभा,['शोभते इति शोभा ।']
कान्ति,['काम्यते अनया कान्तिः ।']
द्युति,['द्योतत इति द्युतिः ।']
द्युति,['द्योतते।़नया इति द्युतिः ।']
छवि,['छिनत्ति असारमिति छवि ।']
छवि,['छ्यति नाशयति अन्धकारमिति छविः ।']
छवि,['छ्यति छिनत्ति वा तम् इति छविः ।']
अवश्याय,['अवश्यायते शैत्यं संपद्यत इति अवश्यायः ।']
अवश्याय,['अवश्यायते।़वपतति इति अवश्यायः ।']
नीहार,['नितरां ह्रीयते अग्निना इति नीहारः ।']
नीहार,['निह्रियति इति नीहारः ।']
तुषार,['तप्तं तोषयतीति तुषारः ।']
तुषार,['तुष्यत्यनेन सस्यदिरिति तुषारः ।']
तुषार,['तप्तं तोषयतीति तुषारः ।']
तुहिन,['तोहति अर्दयति पद्ममिति तुहिनं ।']
हिम,['हन्ति तापमिति हिमं ।']
हिम,['हन्ति ताणमिति हिमं ।']
हिम,['हिनोति वर्धते इति हिमः ।']
प्रालेय,['प्रकर्षेण लीयन्ते लीना भवन्ति पदार्था अत्रेति ।']
प्रालेय,['प्रलयाच्छरदन्तादागतमिति प्रालेयं ।']
मिहिका,['महयते रागिभिरिति महिका ।']
मिहिका,['मेहति भुवनमिति मिहिका ।']
मिहिका,['मेहति स्निहयतीति मिहिका ।']
हिमानी,['महद्धिमं हिमानी ।']
हिमसंहति,['हिमानां संहतिः हिमसंहतिः ।']
शीत,['शीतं गुणवाचि क्लीबं ।']
शिशिर,['शशन्ति धावन्ति यस्मिन् पथिकाः ।']
शिशिर,['शिनोति पद्म शोभामिति शिशिरः । शीञ्\u200c निशातने । शीतलद्रव्यम् ।']
जड,['जलत्यपवारयतीति जडः । जलति घनि भवति इति जडः ।']
शीतल,['शीतं गुणो।़स्यास्तीति ।']
शीतल,['शीतं लाति ददातीति शीतलः ।']
ध्रुव,['ध्रुवतीति ध्रुवं ।']
औत्तानपादि,['उत्तानपादस्य अपत्यं औत्तानपादिः ।']
अगस्त्य,['अगं विन्ध्यं स्त्यायति स्तभ्नाति वा इति ।']
मैत्रावरुणि,['मित्रावरुणयोरपत्यं मैत्रावरुणिः ।']
लोपामुद्रा,['लोपयति योषितां रूपाभिमानमिति लोपा । मुदयति स्रष्टुः सृष्टिमिति मुद्रा ।']
लोपामुद्रा,['विरहे सति सुश्रुषालोपने अमुद्रा । न मुदं राति ददातीति लोपामुदा ।']
नक्षत्र,['न क्षणोति इति नक्षत्र ।']
नक्षत्र,['नक्षरती क्षीयते वा इति नक्षत्रम् ।']
ऋक्ष,['ऋक्षति तमोनाशयतीति ऋक्षं ।']
ऋक्ष,['ऋषतीति ऋक्षम् ।']
भ,['भातीति भं ।']
तारा,['तरन्त्यनया नाविका इति तारा ।']
तारका,['तरन्ति अनया नाविका इति तारका ।']
उडु,['उ क्रोधं डपते इति उडु ।']
उडु,['उड्डीयते इति उडु ।']
अश्विनी,['अश्वरूपयोगात् अश्विनी ।']
राधा,['राध्यते पूज्यते इति राधा ।']
राधा,['राहनोति साधयति कार्याणि इति राधा ।']
विशाखा,['विशाखते कान्त्या व्याप्नोतीति विशाखा ।']
पुष्य,['पुष्णाति अभिलषितमिति पुष्यः ।']
पुष्य,['पुष्यन्ति अस्मिन् अर्था इति वा पुष्यः ।']
सिध्य,['साध्नोति वाञ्छितमिति सिध्य ।']
सिध्य,['सिद्ध्यन्ति अस्मिन् अर्था इति सिद्ध्यः ।']
तिष्य,['तुष्यन्ति अस्मिन् अर्थसिद्धये इति तिष्यः ।']
तिष्य,['त्वेषते प्रमया इति तिष्यः ।']
श्रविष्ठा,['श्रवः ख्यातिः अस्ति अस्याः इति श्रविष्टा ।']
श्रविष्ठा,['श्रूयते शुभकर्मणीति श्रविष्ठा ।']
धनिष्ठा,['अतिशयेन धनवतीति धनिष्ठा ।']
धनिष्ठा,['धनति धनं करोतीति धनिष्ठा ।']
प्रोष्ठपदा,['प्रोष्टस्य मत्स्यविशेषस्य पदमिव पदं यस्याः ।']
प्रोष्ठपदा,['प्रोष्ठो गौः तस्येव पादा यासाम् ।']
भाद्रपदा,['प्रोष्ठश्च भाद्रश्च गौः तस्यैव पदानि आसामिति । प्रोष्ठपदा भाद्रपदाश्च ।']
भाद्रपदा,['भाद्रे सारे पदे यसाः ताः भाद्रपदाः ।']
मृगशीर्ष,['आकृत्या मृगस्येव शीर्षं यस्य तत् मृगशीर्षं ।']
मृगशिरस्,['आकृत्या मृगस्येव शीर्षं यस्य तत् मृगशिरस् ।']
आग्रहायणी,['अग्रहायनाः नवव्रीहहयः अस्यां सन्तीति अग्रहायणी ।']
आग्रहायणी,['अग्रे हायनो अस्याः इति आग्रहायणी ।']
इल्वला,['शिव बाणेन इल्यन्ते प्रेर्यन्ते इति इल्वलाः ।']
इल्वला,['हलन्ति गच्छन्ति नक्षत्राणामूध्नोति इति इल्वलाः ।']
बृहस्पति,['बृहतां देवानां वेदमन्त्राणां वा पतिः बृहस्पतिः ।']
सुराचार्य,['सुराणां आचार्यः सुराचार्यः ।']
धिषण,['घृष्णोति प्राग्लभ्यं ददातीति घिषण  ।']
धिषण,['धिषणा बुद्धिः अस्यास्तीति धिषणः ।']
गुरु,['गीर्यते स्तूयते इति गुरुः ।']
गुरु,['सर्वार्थान् गृणातीति गुरुः ।']
आङ्गिरस,['अङ्गिरसः अपत्यं आङ्गीरसः ।']
वाचस्पति,['वाचांपतिः वाचस्पतिः । वाचः पतिः वाचस्पतिः ।']
चित्रशिखण्डिज,['अङ्गिरा एव चित्रशिखण्डी तस्मात् जात चित्रशिखण्डिज ।']
दैत्यगुरु,['दैत्यानांगुरुः   दैत्यगुरुः ।']
काव्य,['कवेरपत्यं  काव्यः']
काव्य,['कोतुमवश्यमाख्यातुमईत्वात् काव्यः ।']
उशनस्,['वष्टि इच्छति दैत्यश्रेय इति उशना']
भार्गव,['भृगोरपत्यं भार्गवः ।']
कवि,['कवते इति कविः']
कवि,['कवयति चातुर्येण वर्णयतीति कविः ।']
कवि,['कौतीति वा कविः']
अङ्गारक,['अङ्गती गच्छतीति अङ्गारकः ।']
अङ्गारक,['अङ्गानि इयर्ति पीनत्वादिति वा अङ्गारक ।']
अङ्गारक,['अङ्गानी आरयति पीडयतीति वा अङ्गारकः ।']
अङ्गारक,['अङ्गार इव अङ्गारक।']
कुज,['कौ पृथिव्यां जातः कुजः ।']
भौम,['भूमेरपत्यं भौमः ।']
लोहिताङ्ग,['लोहितंमङ्ग यस्य सः लोहिताङ्गः ।']
लोहिताङ्ग,['लोहितानि अङ्गानि अस्येति वि लोहिताङ्गः।']
महीसुत,['मह्याः सुतः महीसुतः ।']
बुध,['बुध्यते सर्वमिति बुधः ।']
सौम्य,['सोम इव सौम्यः ।']
सौम्य,['सोमस्य अपत्य पुमान्\u200c सौम्यः ।']
सौरि,['सूरस्यापत्य पुमान् सौरिः ।']
तमस्,['सूर्याचन्द्रमसौ अनेन ताम्यत इति तमः ।']
राहु,['रहति भुक्त्वा त्यजति सूर्यचन्द्रमसाविति राहुः ।']
स्वर्भानु,['स्वः स्वर्गे भातीति स्वर्भानुः ।']
सैंहिकेय,['सिंहिकायाः अपत्यं पुमान सैंहिकेयः ।']
विधुन्तुद,['विधुं तुदतीति विधुन्तुद ।']
चित्रशिखण्डिन्,['चित्राः शिखण्डाः चूडाविशेषाः एषां सन्तीति चित्रशिखण्ड़िनः ।']
लग्न,['  लगति गृहैः संबध्नातीति लग्नम ।']
सूर,[' पा. शवति इति वा शूरः ।']
सूर,[' पा. शूरयते वा अनेनेति शूरः ।']
सूर,['सरति चरतीति सूर ।']
सूर,['सुवति प्रेरपति कर्मणि लोकमिति वा सूरः ।']
सूर्य,['सरति आकशे इति वा सूर्यः।']
सूर्य,['सुवति प्रेरयति व्यापारेष्विति सूर्यः ।']
द्वादशात्मन्,['द्वादश आत्मानः मूर्तयः यस्य स द्वादशात्मा ।']
दिवाकर,['दिवा अहनि प्राणिनः चेष्टावन्तः करोतीति वा दिवाकरः ।']
दिवाकर,['दिवा दिनं करोतीति दिवाकरः ।']
भास्कर,['भासं करोतीति भास्करः ।']
अहस्कर,['अहः करोतीति अहस्करः ।']
ब्रध्न,['अन्यतेजः बध्नाति प्रतिबध्नातीति ब्रध्नः ।']
ब्रध्न,['तिमिर बध्नाति इति वा ब्रध्नः ।']
प्रभाकर,['प्रभां करोतीति प्रभाकरः ।']
विभाकर,['विशेषेण भां करोतीति विभाकरः ।']
भास्वत्,['भासः अस्य सन्तीति भास्वत् ।']
विवस्वत्,['विवस्ते प्रभया आच्छादयतीति विवस्वान्\u200c ।']
विवस्वत्,['विवोsस्यास्यीति वा विवस्वान् ।']
सप्ताश्व,['सप्त अश्वाः यस्य सः सप्ताश्वः ।']
हरिदश्व,['हरितः हरिद्वर्णा अश्वाः यस्य सः हरिदश्वः']
विकर्तन,['विकर्तयति भक्तरोगानिति वा विकर्तन ।']
विकर्तन,['विकृन्तति तमः इति विकर्तनः ।']
विकर्तन,['विशेषेम कर्तनं यस्य स विकर्तनः ।']
अर्क,['अर्च्यत इति अर्कः ।']
मिहिर,['मेहति मेघरूपी विश्वं सिञ्चतीति मिहिर ।']
अरुण,['इयर्ति गच्छतीति इति अरुण ।']
अरुण,['अरूण वर्णास्यास्तीति अरूणः ।']
अरुण,['ऋच्छतीति वा अरूणः ।']
पूषन्,['पुष्णातीति पूषा ।']
द्युमणि,['दिवः आकाशस्य मणिखि द्युमणिः ।']
तरणि,['तरन्त्यनेन संसारमिति तरणिः ।']
मित्र,['सर्वभूतेषु मेद्यति स्निह्यतीति मित्रः ।']
विरोचन,['विशेषेण रोचत प्रकाशत इति विरोचन ।']
ग्रहपति,['ग्रहाणां पतिः ग्रहपतिः ।']
अहर्पति,['अह्नः पतिः अहर्पतिः ।']
भानु,['भातीति भानुः ।']
भानु,['भातीति भानुः ।']
हंस,['हन्ति तमः इति हंसः ।']
तपन,['तपतीति तपन ।']
रवि,['रूयते स्तूयत इति रविः ।']
खद्योत,['खं द्योतयती इति वा खद्योत ।']
खद्योत,['खे द्योतते इति खद्योत।']
हरि,['तमः हरतीति हरिः ।']
माठर,['मठति निवसति सूर्यसमीपे इति माठारः ।']
माठर,['मठरस्यापत्यं पुमान् माठारः ।']
माठर,['मनुते इति मठरः । स एव माठरः ।']
दण्ड,['दण्डकारीत्वाद्वा दण्डः']
दण्ड,['दण्डयतीति दण्डः ।']
सूरसूत,['सूरस्य सूतः । सूरसूतः']
अनूरु,['न विद्यते ऊरू यस्य सः अनूरुः ।']
काश्यपि,['कश्यपस्य अपत्यं पुमान् काश्यपिः ।']
गरुडाग्रज,['गरुडस्य अग्रजः गरुडाग्रजः ।']
परिवेष,['परितः वेष्ठीति परिवेषः ।']
परिधि,['परितो दधातीति परिधिः ।']
उपसूर्यक,['सूर्यस्य समीपे प्रतिकृतित्वेन वर्तत इति उपसूर्यकं ।']
किरण,['कीर्यते इति किरणः ।']
उस्र,['वसन्त्यत्राप इति उस्रः ।']
मयूख,['मिनोति प्रक्षिपति झन्धकारमिति मयूखः ।']
मयूख,['मिमीते इति मयूखः ।']
अंशु,['अश्नुते व्याप्नोतीति अंशुः ।']
गभस्ति,['गच्छन्नेव बिभस्तीति गभस्तिः ।']
घृणि,['घरतीति वा घृणिः  घृ सेचने']
घृणि,['जिघर्ति प्रकाशत इति वा ।  घृ दीप्तौ']
घृणि,['जिघर्त्यस्माज्जलमिति घृणिः ।']
कर,['कृणाति तमः इति करः ।']
मरीचि,['मिद्यते तमः अस्मिनिति मरीचिः ।']
दीधिति,['दिधीते दीप्यते इति दीधितिः ।']
प्रभा,['प्रकर्षेण भातीति प्रभा ।']
प्रभा,['प्रभातीति वा प्रभा ।']
रुच्,['रोचत इति रुक् ।']
रुचि,['रोचत इति रुचि ।']
त्विष्,['त्वेषते इति त्विट् ।']
भा,['भातीति भा ।']
भास्,['भासत इति भाः ।']
दीप्ति,['दीप्यते।़नयेति दीप्तिः ।']
प्रकाश,['प्रकाशत इति प्रकाशः ।']
द्योत,[' 3 3 19  इति सूत्रेण `घञ्  प्रत्यये `द्योतः  इति रूपम् ।']
द्योत,['`द्युत दीप्तौ  इति धातोः `भावे   3 3 18  इति सूत्रेण अथवा `करणे']
आतप,['आसमन्तात् तपतीति आतपः ।']
कोष्ण,['ईषदुष्णं कोष्णम् ।']
कोष्ण,['किञ्चिदुष्णं कोष्णम् ।']
कवोष्ण,['ईषदुष्णं कवोष्णम् ।']
कवोष्ण,['किञ्चिदुष्णं कवोष्णं ।']
कदुष्ण,['ईषदुष्णं कदुष्णं वा ।']
कदुष्ण,['किञ्चिदुष्णं कदुष्णं ।']
मन्दोष्ण,['मन्दं च तदुष्णं च मन्दोष्णम् ।']
तिग्म,['तेजयतीति तिग्मं ।']
तीक्ष्ण,['तेजयतीति तीक्ष्ण ।']
खर,['खमिन्द्रियं रात्यभिभवतीति खरः ।']
मृगतृष्णा,['मृगाणां तृष्णा अस्यामस्तीति मृगतृष्णा ।']
मरीचिका,['म्रियन्ते अनया क्षुद्रजन्तवः मृगा इति वा मरीचिका ।']
दिष्ट,['दिशन्ति व्याप्रियन्ते अत्रेति दिष्टः ।']
दिष्ट,['दिश्यते सुखदुःखादिकमनेनेति दिष्टः ।']
अनेहस्,['न ईहत इति वा अऩेहा  ईह चेष्ठायाम्']
अनेहस्,['न हन्ति न गच्छतीति वा अनेहा ।']
समय,['सम्यक् एति इति वा समयः ।']
समय,['सम्यगयत इति समयः ।']
पक्षति,['पक्षस्य मूलं प्रारम्भः पक्षतिः ।']
प्रतिपद्,['प्रतिपद्यते उपक्रम्यते।़नया मासादिरिति प्रतिपत् ।']
तिथि,['तन्यते षष्टिघटिकाभिः इति तिथिः ।']
घस्र,['घसति अन्धकारमिति घस्रः ।']
दिन,['दीयते क्षीणं भवतीति दिनम् ।']
दिन,['द्यति अन्धकारमिति दिनम् ।']
अहस्,['न जहाति प्रत्यागमनमिति अहः ।']
दिवस,['दीव्यन्ति जना अस्मिन्निति दिवसः ।']
वासर,['वसन्ति अस्मिन्निति वासरः ।']
अहर्मुख,['अह्नो मुखम् अहर्मुख ।']
कल्य,['कल्यन्ते प्रतिबुध्यन्ते अत्रेति कल्यः ।']
प्रत्युषस्,['ओषति अर्ककरैरिति प्रत्युषः ।']
प्रभात,['भातुं प्रवृत्तं प्रभातं ।']
दिनान्त,['दिनस्य अन्तः दिनान्तः ।']
साय,['स्यति समापयति दिनमिति सायः ।']
सन्ध्या,['सम्यक्\u200c ध्यायन्ति अस्यामिति सन्ध्या ।']
पितृप्रसू,['पितृन्\u200c प्रसूत इति पितृप्रसूः ।']
शर्वरी,['श्र णाति व्यापारं दिन वेति शर्वरी ।']
निशा,['नितरां श्यति सर्वव्यापारानिति निशा ।']
निशीथिनी,['निशीथः अस्यामस्तीति निशीथिनी ।']
रात्रि,['राति सुखमिति रात्रिः ।']
त्रियामा,['त्रयो यामाः यस्यां सा त्रियामा ।']
क्षणदा,['क्षणाम् उत्सवं निर्व्यापारस्थितिं वा ददातीति क्षणदा ।']
क्षपा,['क्षपयति सर्वचेष्टा इति क्षपा ।']
विभावरी,['विभाति नक्षत्रादिभिः इति विभावरी ।']
विभावरी,['विभुं सूर्यकान्तिं आवृणोतीति विभावरी ।']
तमस्विनी,['तमः अस्यामस्तीति तमस्विनी ।']
रजनी,['रजन्ति अनुरक्ता भवन्ति रागिणो।़स्यामिति रजनी ।']
यामिनी,['भीति हेतुत्वान्निन्दिता यामा यस्या सा यामिनी ।']
यामिनी,['यामा अस्यां सन्तीति यामिनी ।']
तमी,['ताम्यन्ति विरहिणः   अत्रेति तमी ।']
तमिस्रा,['तमो बहुलमस्त्यस्यामिति तमिस्रा ।']
ज्यौत्स्नी,['ज्यात्स्ना अस्यास्तीति ज्योत्स्नी ।']
ज्यौत्स्नी,['ज्यात्स्ना योगात् ज्योत्स्नी ।']
पक्षिणी,['आगामि वर्तमाने च ते अहनि चेति पक्षिणी ।']
पक्षिणी,['पक्षतुल्यो दिवसौ यस्याः सा पक्षिणी ।']
गणरात्र,['गणानां बह्वीनां रात्रीणां समाहारः गणरात्रम् ।']
गणरात्र,['रात्रीणां गणः गणरात्रम् ।']
प्रदोष,['दोषायाः प्रारंभः प्रदोषः । रात्रिप्रारम्भः ।']
रजनीमुख,['रजन्याः मुखं रजनीमुखम् । रात्रिप्रारम्भः ।']
अर्धरात्र,['अर्धं रात्रेः अर्धरात्रः । रात्रिमध्यः ।']
निशीथ,['नियतं शेरते अस्मिन्निति निशीथः ।']
याम,['यातीति यामः । याप्रापणे ।']
प्रहर,['तदा प्रतिपत् पञ्चदश्योर्यदन्तरं सः पर्वसन्धिरिति योजना ।']
प्रहर,['प्रह्रीयते ढक्कादिरत्रेति प्रहरः । हृञ्\u200cहरणे । यामः ।']
पर्वन्,['पृणाति पूरयति पालयति वा अभिलषितमिति पर्वम् ।']
सन्धि,['सन्धीयते अनेन पूर्वकाल उत्तरकालेनेति सन्धिः ।']
पक्षान्त,['पक्षयोः अन्तौ पक्षान्तः ।']
पञ्चदशी,['पञ्चदशानां तिथीनां पूरणी पञ्चदशी ।']
पौर्णमासी,['पूर्णिमासाः इयं पौर्णिमासी ।']
पौर्णमासी,['पूर्णो माश्चन्द्रमाः तस्येयमिति पौर्णमासी ।']
पौर्णमासी,['पूर्णो मा।़सोस्यामिति पौर्णमासी ।']
पौर्णमासी,['मीयते तिथिरनेनेति माः चन्द्रः  पूर्णश्चासौ माश्चेति पूर्णिमा']
पूर्णिमा,['पूर्णो माः चन्द्रः अस्यामिति पूर्णिमा ।']
अनुमति,['अनुमन्यते देवाः पितृसरिता अस्यामित्यनुमतिः ।']
राका,['रात ददाति सुखमिति राका ।']
अमावास्या,['अणा सह वसतः रविचन्द्रमसावस्यामिति अमावास्या ।']
दर्श,['दृश्येते शास्त्रेण सूर्यचन्द्रौ एकत्र यत्र सः दर्शः ।']
सिनीवाली,['अः विष्णुः   तेन सह वर्तत इति सा लक्ष्मीः   सा अस्यामिति सिनी ।']
